City_ID,City,Country,Date,Lat,Lng,Max Temp,Humidity,Cloudiness,Wind Speed
0,Mataura,NZ,2022-05-12 14:39:15,-46.1927,168.8643,49.48,88,100,2.06
1,Labuhan,ID,2022-05-12 14:43:08,-6.8844,112.2051,80.31,84,42,0.27
2,Nikolskoye,RU,2022-05-12 14:40:30,59.7035,30.7861,49.87,96,100,8.25
3,Ribeira Grande,PT,2022-05-12 14:43:09,38.5167,-28.7,63.0,59,75,11.5
4,Yellowknife,CA,2022-05-12 14:43:09,62.456,-114.3525,36.12,75,20,5.75
5,Busselton,AU,2022-05-12 14:40:33,-33.65,115.3333,55.38,80,64,15.86
6,Qaanaaq,GL,2022-05-12 14:43:10,77.484,-69.3632,16.45,70,17,4.52
7,Sitka,US,2022-05-12 14:43:10,57.0531,-135.33,40.89,81,20,3.44
8,Punta Arenas,CL,2022-05-12 14:40:36,-53.15,-70.9167,44.71,87,75,11.5
9,Vardo,NO,2022-05-12 14:39:24,70.3705,31.1107,40.98,75,75,13.8
10,Iqaluit,CA,2022-05-12 14:43:11,63.7506,-68.5145,20.93,79,40,24.16
11,Grand Gaube,MU,2022-05-12 14:43:11,-20.0064,57.6608,75.6,83,8,1.99
12,Kapaa,US,2022-05-12 14:40:37,22.0752,-159.319,73.72,86,75,17.27
13,Prince Rupert,CA,2022-05-12 14:43:12,54.3161,-130.3201,44.29,80,100,16.11
14,Rawson,AR,2022-05-12 14:40:57,-43.3002,-65.1023,58.21,66,100,31.12
15,Gigmoto,PH,2022-05-12 14:43:12,13.7796,124.39,80.31,86,53,7.11
16,Hermanus,ZA,2022-05-12 14:40:31,-34.4187,19.2345,67.8,58,3,14.5
17,Albany,US,2022-05-12 14:35:16,42.6001,-73.9662,75.27,34,7,3.0
18,Thompson,CA,2022-05-12 14:40:20,55.7435,-97.8558,42.96,65,75,3.44
19,Mabaruma,GY,2022-05-12 14:43:12,8.2,-59.7833,80.76,85,4,7.02
20,Polewali,ID,2022-05-12 14:43:13,-3.4324,119.3435,78.1,90,100,3.36
21,Vaini,TO,2022-05-12 14:39:27,-21.2,-175.2,71.76,73,20,12.66
22,Kahului,US,2022-05-12 14:40:09,20.8947,-156.47,73.85,75,0,9.22
23,Port Hedland,AU,2022-05-12 14:43:14,-20.3167,118.5667,71.65,78,73,4.61
24,Sorong,ID,2022-05-12 14:43:14,-0.8833,131.25,80.71,81,100,1.72
25,Mar Del Plata,AR,2022-05-12 14:41:45,-38.0023,-57.5575,57.94,72,75,8.05
26,Cherskiy,RU,2022-05-12 14:39:27,68.75,161.3,20.68,91,95,9.13
27,Hay River,CA,2022-05-12 14:41:47,60.8156,-115.7999,33.78,86,21,4.61
28,Vostok,RU,2022-05-12 14:43:15,46.4856,135.8833,43.81,59,100,2.77
29,Kavaratti,IN,2022-05-12 14:43:15,10.5669,72.642,84.65,68,100,14.56
30,Mola Di Bari,IT,2022-05-12 14:43:15,41.0609,17.0873,81.32,53,34,6.26
31,Bluff,NZ,2022-05-12 14:40:40,-46.6,168.3333,48.79,82,100,14.99
32,Puerto Ayora,EC,2022-05-12 14:40:29,-0.7393,-90.3518,78.76,93,53,8.52
33,San Quintin,MX,2022-05-12 14:43:16,30.4833,-115.95,61.81,52,0,2.57
34,Rio Pardo De Minas,BR,2022-05-12 14:43:16,-15.6097,-42.5397,88.56,23,29,3.56
35,Hinton,CA,2022-05-12 14:43:17,53.4001,-117.5857,46.99,42,32,3.4
36,Arraial Do Cabo,BR,2022-05-12 14:43:17,-22.9661,-42.0278,71.46,88,100,9.22
37,Iquitos,PE,2022-05-12 14:43:18,-3.7481,-73.2472,75.24,100,75,0.0
38,Port Alfred,ZA,2022-05-12 14:41:46,-33.5906,26.891,70.18,74,0,4.21
39,Flinders,AU,2022-05-12 14:43:18,-34.5833,150.8552,67.05,92,100,5.01
40,Ponta Do Sol,PT,2022-05-12 14:41:50,32.6667,-17.1,74.03,75,8,2.21
41,Kaitangata,NZ,2022-05-12 14:43:19,-46.2817,169.8464,46.81,82,98,6.02
42,Hobart,AU,2022-05-12 14:38:17,-42.8794,147.3294,50.05,90,78,5.75
43,Ushuaia,AR,2022-05-12 14:39:19,-54.8,-68.3,44.22,93,100,4.61
44,Cartagena Del Chaira,CO,2022-05-12 14:43:19,1.3349,-74.8429,72.66,99,100,1.68
45,Buchanan,LR,2022-05-12 14:43:19,5.8808,-10.0467,84.36,73,99,9.53
46,Bima,ID,2022-05-12 14:44:20,-8.4667,118.7167,78.33,86,60,0.25
47,Carnarvon,AU,2022-05-12 14:44:20,-24.8667,113.6333,69.87,94,75,16.11
48,Khatanga,RU,2022-05-12 14:41:54,71.9667,102.5,16.07,89,45,12.93
49,New Norfolk,AU,2022-05-12 14:39:17,-42.7826,147.0587,49.71,84,49,2.48
50,Hilo,US,2022-05-12 14:40:31,19.7297,-155.09,69.24,87,75,8.05
51,Puerto Guzman,CO,2022-05-12 14:44:20,0.9703,-76.5858,71.6,98,100,2.77
52,Arvika,SE,2022-05-12 14:44:21,59.6553,12.5852,59.61,30,100,12.48
53,Norman Wells,CA,2022-05-12 14:40:39,65.282,-126.8329,37.44,56,20,2.3
54,Cidreira,BR,2022-05-12 14:44:21,-30.1811,-50.2056,63.99,67,13,10.96
55,Rikitea,PF,2022-05-12 14:39:13,-23.1203,-134.9692,77.0,75,29,20.33
56,Tasiilaq,GL,2022-05-12 14:39:25,65.6145,-37.6368,26.76,53,100,3.56
57,Zaykovo,RU,2022-05-12 14:44:22,57.5613,62.7568,58.05,41,42,5.21
58,Bengkulu,ID,2022-05-12 14:39:16,-3.8004,102.2655,77.4,89,100,5.93
59,Darnah,LY,2022-05-12 14:44:23,32.767,22.6367,66.02,62,100,9.89
60,Torbay,CA,2022-05-12 14:36:47,47.6666,-52.7314,61.75,87,75,19.57
61,Kashmor,PK,2022-05-12 14:44:23,28.4333,69.5833,106.59,4,0,7.99
62,Ahuimanu,US,2022-05-12 14:40:33,21.4447,-157.8378,74.91,77,0,9.22
63,Adrar,MR,2022-05-12 14:44:24,20.5022,-10.0711,106.75,7,0,9.55
64,Lewistown,US,2022-05-12 14:44:24,40.5992,-77.5714,76.6,71,0,5.75
65,Saint George,US,2022-05-12 14:40:24,37.1041,-113.5841,56.79,36,29,1.99
66,Dikson,RU,2022-05-12 14:44:25,73.5069,80.5464,14.36,87,29,0.43
67,Mahebourg,MU,2022-05-12 14:39:25,-20.4081,57.7,75.49,88,40,2.3
68,Farafangana,MG,2022-05-12 14:44:25,-22.8167,47.8333,72.43,75,71,7.31
69,Irmo,US,2022-05-12 14:44:25,34.086,-81.1832,72.59,69,20,9.22
70,Sao Joao Da Barra,BR,2022-05-12 14:44:26,-21.6403,-41.0511,80.69,58,81,11.7
71,Dingle,PH,2022-05-12 14:40:32,10.9995,122.6711,79.63,82,98,5.57
72,Fortuna,US,2022-05-12 14:44:26,40.5982,-124.1573,49.66,93,100,11.5
73,Sibu,MY,2022-05-12 14:44:26,2.3,111.8167,79.11,94,40,0.0
74,Warrington,GB,2022-05-12 14:43:16,53.3925,-2.5802,60.62,53,75,10.36
75,Yurginskoye,RU,2022-05-12 14:44:27,56.8189,67.3921,55.9,43,1,5.5
76,Piacabucu,BR,2022-05-12 14:44:27,-10.4056,-36.4344,84.54,61,18,8.95
77,Mumford,GH,2022-05-12 14:44:28,5.2618,-0.759,84.78,71,96,10.65
78,Luderitz,NA,2022-05-12 14:41:43,-26.6481,15.1594,63.21,68,0,19.08
79,Salalah,OM,2022-05-12 14:44:28,17.0151,54.0924,91.49,52,3,4.61
80,Atuona,PF,2022-05-12 14:39:22,-9.8,-139.0333,78.1,79,77,23.98
81,Cape Town,ZA,2022-05-12 14:40:34,-33.9258,18.4232,66.11,65,75,18.41
82,Port Elizabeth,ZA,2022-05-12 14:39:22,-33.918,25.5701,68.29,71,0,11.5
83,Tuktoyaktuk,CA,2022-05-12 14:41:44,69.4541,-133.0374,26.6,93,75,3.44
84,Cabo San Lucas,MX,2022-05-12 14:38:20,22.8909,-109.9124,81.61,63,13,3.58
85,Severo-Kurilsk,RU,2022-05-12 14:40:39,50.6789,156.125,39.78,92,97,4.23
86,Inza,RU,2022-05-12 14:44:28,53.8533,46.3586,49.98,69,99,5.19
87,Tuatapere,NZ,2022-05-12 14:44:29,-46.1333,167.6833,49.01,84,100,3.98
88,East London,ZA,2022-05-12 14:41:55,-33.0153,27.9116,72.54,78,0,5.75
89,Kaeo,NZ,2022-05-12 14:45:29,-35.1,173.7833,46.33,94,0,4.38
90,Lompoc,US,2022-05-12 14:45:30,34.6391,-120.4579,63.79,83,0,18.99
91,Traverse City,US,2022-05-12 14:40:36,44.7631,-85.6206,78.73,49,100,11.5
92,San Juan,AR,2022-05-12 14:41:03,-31.5375,-68.5364,68.83,50,43,9.51
93,Kodiak,US,2022-05-12 14:45:30,57.79,-152.4072,42.31,70,100,6.91
94,Butaritari,KI,2022-05-12 14:39:24,3.0707,172.7902,79.7,84,93,14.34
95,Chapais,CA,2022-05-12 14:39:17,49.7834,-74.8492,67.78,37,94,5.88
96,Omboue,GA,2022-05-12 14:45:30,-1.5746,9.2618,81.3,82,85,7.29
97,Saint-Philippe,RE,2022-05-12 14:45:31,-21.3585,55.7679,76.59,76,76,8.25
98,Fukue,JP,2022-05-12 14:45:31,32.6881,128.8419,67.14,94,100,10.38
99,Oga,IT,2022-05-12 14:45:31,46.4631,10.347,70.48,93,96,4.07
100,Rapid Valley,US,2022-05-12 14:45:32,44.0625,-103.1463,56.71,84,100,14.97
101,Hasaki,JP,2022-05-12 14:45:32,35.7333,140.8333,64.8,89,100,3.51
102,Bredasdorp,ZA,2022-05-12 14:40:30,-34.5322,20.0403,63.91,49,0,13.18
103,Bethel,US,2022-05-12 14:43:03,41.3712,-73.414,75.34,71,100,5.75
104,Angoche,MZ,2022-05-12 14:45:32,-16.2325,39.9086,76.23,65,12,8.32
105,Barrow,US,2022-05-12 14:36:25,71.2906,-156.7887,26.62,93,100,13.8
106,Tiksi,RU,2022-05-12 14:45:33,71.6872,128.8694,17.22,90,59,8.95
107,Longview,US,2022-05-12 14:43:43,32.5007,-94.7405,78.01,81,0,4.61
108,Shache,CN,2022-05-12 14:45:33,38.4167,77.2406,76.1,19,43,9.44
109,Mecca,SA,2022-05-12 14:41:15,21.4267,39.8261,100.69,16,0,11.18
110,Avarua,CK,2022-05-12 14:40:42,-21.2078,-159.775,77.05,94,75,8.05
111,Petropavlovsk-Kamchatskiy,RU,2022-05-12 14:45:34,53.0452,158.6483,39.79,100,100,4.47
112,Kyzyl-Suu,KG,2022-05-12 14:45:34,42.3414,78.0056,50.68,80,24,1.52
113,Waitati,NZ,2022-05-12 14:45:34,-45.75,170.5667,51.8,63,100,4.27
114,Colwyn Bay,GB,2022-05-12 14:45:35,53.2948,-3.7267,59.92,55,93,11.01
115,Choix,MX,2022-05-12 14:41:13,26.7092,-108.3219,88.83,22,51,2.44
116,Palembang,ID,2022-05-12 14:45:35,-2.9167,104.7458,78.89,89,40,3.44
117,Upernavik,GL,2022-05-12 14:35:03,72.7868,-56.1549,16.63,79,6,7.31
118,Havelock,US,2022-05-12 14:45:36,34.8791,-76.9013,62.96,95,100,14.97
119,Komsomolskiy,UZ,2022-05-12 14:45:36,40.4272,71.7189,77.72,41,100,6.91
120,Praia Da Vitoria,PT,2022-05-12 14:45:36,38.7333,-27.0667,66.76,72,40,4.83
121,Constitucion,CL,2022-05-12 14:45:37,-35.3333,-72.4167,54.59,76,100,2.15
122,Nishihara,JP,2022-05-12 14:40:58,26.1842,127.7558,78.08,94,0,11.5
123,Port Keats,AU,2022-05-12 14:45:37,-14.25,129.55,80.35,68,87,1.99
124,Bambous Virieux,MU,2022-05-12 14:39:21,-20.3428,57.7575,75.45,88,40,2.3
125,Jamestown,US,2022-05-12 14:38:24,42.097,-79.2353,76.01,36,0,8.05
126,Mount Isa,AU,2022-05-12 14:45:37,-20.7333,139.5,56.97,100,17,0.0
127,Indiana,US,2022-05-12 14:45:38,40.0003,-86.2503,79.97,38,0,3.0
128,Chokurdakh,RU,2022-05-12 14:45:38,70.6333,147.9167,21.47,98,93,6.02
129,Eyl,SO,2022-05-12 14:45:38,7.9803,49.8164,85.77,70,95,18.14
130,Beloha,MG,2022-05-12 14:45:39,-25.1667,45.05,67.64,69,0,10.6
131,Tigil,RU,2022-05-12 14:46:39,57.8,158.6667,39.94,72,100,4.45
132,Padang,ID,2022-05-12 14:43:35,-0.9492,100.3543,79.77,75,100,2.3
133,Kavieng,PG,2022-05-12 14:46:40,-2.5744,150.7967,81.91,78,100,7.25
134,Talnakh,RU,2022-05-12 14:46:40,69.4865,88.3972,33.21,99,100,5.41
135,Hithadhoo,MV,2022-05-12 14:39:13,-0.6,73.0833,83.66,71,99,14.12
136,Georgetown,MY,2022-05-12 14:37:39,5.4112,100.3354,85.98,83,20,3.44
137,Alsfeld,DE,2022-05-12 14:46:40,50.75,9.2667,73.53,45,93,8.01
138,Isiro,CD,2022-05-12 14:46:41,2.7739,27.616,81.3,56,98,3.15
139,Kamaishi,JP,2022-05-12 14:46:41,39.2667,141.8833,57.27,97,100,8.1
140,Provideniya,RU,2022-05-12 14:39:15,64.3833,-173.3,32.86,96,91,8.7
141,Kushiro,JP,2022-05-12 14:46:41,42.975,144.3747,43.29,99,100,3.49
142,Vilhena,BR,2022-05-12 14:45:33,-12.7406,-60.1458,79.02,69,20,17.27
143,Castro,BR,2022-05-12 14:45:09,-24.7911,-50.0119,65.32,61,0,1.95
144,Korla,CN,2022-05-12 14:46:42,41.7597,86.1469,62.26,54,99,23.42
145,Victoria,HK,2022-05-12 14:35:29,22.2855,114.1577,77.38,94,100,4.0
146,Sandane,NO,2022-05-12 14:46:42,61.7728,6.215,51.84,50,75,8.05
147,Sechura,PE,2022-05-12 14:46:42,-5.5569,-80.8222,72.36,66,67,10.47
148,Meulaboh,ID,2022-05-12 14:46:43,4.1363,96.1285,80.83,77,53,2.01
149,Comodoro Rivadavia,AR,2022-05-12 14:46:43,-45.8667,-67.5,49.86,81,100,8.05
150,Mahibadhoo,MV,2022-05-12 14:46:44,3.7833,72.9667,83.55,79,97,18.86
151,Tucurui,BR,2022-05-12 14:46:44,-3.7661,-49.6725,81.0,83,93,2.84
152,Lebu,CL,2022-05-12 14:46:44,-37.6167,-73.65,54.27,92,100,2.26
153,Saskylakh,RU,2022-05-12 14:40:34,71.9167,114.0833,13.95,90,8,11.16
154,Bintulu,MY,2022-05-12 14:46:45,3.1667,113.0333,77.41,94,20,5.99
155,Madang,PG,2022-05-12 14:46:45,-5.2246,145.7966,76.5,90,50,4.05
156,Saint-Joseph,RE,2022-05-12 14:46:45,-21.3667,55.6167,75.58,78,55,6.96
157,San Policarpo,PH,2022-05-12 14:46:46,12.1791,125.5072,81.32,83,100,7.43
158,Khani,GE,2022-05-12 14:46:46,41.9563,42.9566,54.97,77,81,5.61
159,Escanaba,US,2022-05-12 14:44:10,45.7453,-87.0646,74.52,91,40,14.97
160,Vila Franca Do Campo,PT,2022-05-12 14:46:46,37.7167,-25.4333,67.19,57,100,9.64
161,Grand-Lahou,CI,2022-05-12 14:46:47,5.1367,-5.0242,83.61,76,56,9.62
162,Katsuura,JP,2022-05-12 14:40:35,35.1333,140.3,65.5,95,100,7.87
163,Husavik,IS,2022-05-12 14:41:52,66.0449,-17.3389,33.17,98,100,18.16
164,Naze,JP,2022-05-12 14:40:42,28.3667,129.4833,72.52,83,96,13.76
165,Wanning,CN,2022-05-12 14:46:47,18.8003,110.3967,80.73,93,100,10.49
166,Bati,ET,2022-05-12 14:46:48,11.1833,40.0167,81.82,25,0,7.2
167,Adeje,ES,2022-05-12 14:45:04,28.1227,-16.726,72.48,69,75,6.91
168,Chateauroux,FR,2022-05-12 14:46:48,46.8167,1.7,66.2,77,75,3.44
169,Narsaq,GL,2022-05-12 14:46:48,60.9167,-46.05,43.02,89,100,5.82
170,Umm Kaddadah,SD,2022-05-12 14:45:15,13.6017,26.6876,102.83,6,100,9.82
171,Nampa,US,2022-05-12 14:46:49,43.5407,-116.5635,47.41,68,20,4.61
172,San Cristobal,VE,2022-05-12 14:46:49,7.7669,-72.225,69.98,51,98,6.87
173,Yumen,CN,2022-05-12 14:46:49,40.2833,97.2,54.18,20,79,30.06
174,Airai,TL,2022-05-12 14:39:26,-8.9266,125.4092,61.65,93,70,1.01
175,Vao,NC,2022-05-12 14:41:53,-22.6667,167.4833,72.52,61,100,26.19
176,San-Pedro,CI,2022-05-12 14:46:50,4.7485,-6.6363,80.06,88,97,8.21
177,High Level,CA,2022-05-12 14:46:50,58.5169,-117.136,41.11,70,20,0.0
178,Markova,UA,2022-05-12 14:46:50,48.6758,24.4138,72.28,56,27,12.68
179,Qaqortoq,GL,2022-05-12 14:46:51,60.7167,-46.0333,36.01,93,100,3.06
180,Bojnurd,IR,2022-05-12 14:47:51,37.4747,57.329,57.15,72,75,28.77
181,Henties Bay,NA,2022-05-12 14:47:52,-22.116,14.2845,63.27,70,1,16.87
182,Beibei,CN,2022-05-12 14:47:52,29.8256,106.4339,80.37,68,100,4.54
183,Salta,AR,2022-05-12 14:47:52,-24.7859,-65.4117,64.58,68,20,4.0
184,Mackay,AU,2022-05-12 14:47:53,-21.15,149.2,71.69,90,20,4.99
185,Oistins,BB,2022-05-12 14:44:03,13.0667,-59.5333,86.09,66,20,20.71
186,Kirakira,SB,2022-05-12 14:47:53,-10.4544,161.9205,79.21,81,72,3.09
187,Jeremie,HT,2022-05-12 14:47:53,18.65,-74.1167,82.54,61,94,6.53
188,Preobrazheniye,RU,2022-05-12 14:47:54,42.9019,133.9064,48.07,62,100,4.92
189,Roma,US,2022-05-12 14:47:54,43.2128,-75.4557,79.09,34,0,6.91
190,Pevek,RU,2022-05-12 14:47:54,69.7008,170.3133,6.71,95,76,8.75
191,Cockburn Town,TC,2022-05-12 14:44:17,21.4612,-71.1419,80.56,78,40,16.11
192,Loviisa,FI,2022-05-12 14:47:55,60.4566,26.2251,51.3,68,99,12.86
193,Hambantota,LK,2022-05-12 14:47:55,6.1241,81.1185,79.14,100,40,8.05
194,Nanortalik,GL,2022-05-12 14:47:56,60.1432,-45.2371,35.35,89,100,4.18
195,Acara,BR,2022-05-12 14:47:56,-1.9608,-48.1967,85.26,75,52,3.15
196,Luganville,VU,2022-05-12 14:47:56,-15.5333,167.1667,77.34,91,100,15.1
197,Rochegda,RU,2022-05-12 14:47:57,62.8,43.25,58.75,58,96,5.57
198,Wodonga,AU,2022-05-12 14:47:57,-36.1167,146.8833,61.27,100,100,3.44
199,La Ronge,CA,2022-05-12 14:47:57,55.1001,-105.2842,43.02,65,75,6.91
200,Abu Dhabi,AE,2022-05-12 14:46:08,24.4667,54.3667,89.71,44,0,14.97
201,Sovetskiy,RU,2022-05-12 14:40:34,61.3614,63.5842,49.73,79,45,2.17
202,Slidell,US,2022-05-12 14:47:58,30.2752,-89.7812,85.05,74,20,5.75
203,Grindavik,IS,2022-05-12 14:47:13,63.8424,-22.4338,42.75,81,40,21.85
204,Batagay-Alyta,RU,2022-05-12 14:47:58,67.8006,130.4114,19.94,88,96,5.86
205,Mathbaria,BD,2022-05-12 14:47:58,22.2876,89.9593,82.58,78,0,10.31
206,Biskamzha,RU,2022-05-12 14:47:59,53.4497,89.5272,46.27,45,0,4.56
207,Marawi,PH,2022-05-12 14:47:59,7.9986,124.2928,71.04,94,99,2.26
208,Hamilton,US,2022-05-12 14:34:27,39.1834,-84.5333,77.74,45,40,10.36
209,Azle,US,2022-05-12 14:46:49,32.8951,-97.5459,79.68,74,40,17.27
210,Olinda,BR,2022-05-12 14:47:59,-8.0089,-34.8553,83.93,74,75,9.22
211,Gillette,US,2022-05-12 14:48:00,44.2911,-105.5022,43.81,95,100,10.36
212,Arcachon,FR,2022-05-12 14:48:00,44.5875,-1.0519,73.42,68,75,9.22
213,Sao Gabriel Da Cachoeira,BR,2022-05-12 14:48:00,-0.1303,-67.0892,80.4,89,75,2.3
214,Nome,US,2022-05-12 14:41:43,64.5011,-165.4064,30.27,100,100,11.5
215,Kabo,CF,2022-05-12 14:48:01,7.6994,18.629,98.67,30,27,5.5
216,San Andres,CO,2022-05-12 14:37:43,12.5847,-81.7006,84.22,79,40,11.5
217,Paamiut,GL,2022-05-12 14:48:01,61.994,-49.6678,34.48,98,100,10.47
218,Andilamena,MG,2022-05-12 14:48:02,-17.0167,48.5833,63.32,90,9,8.41
219,Quatre Cocos,MU,2022-05-12 14:48:02,-20.2078,57.7625,75.31,82,38,4.72
220,Cascais,PT,2022-05-12 14:48:02,38.6979,-9.4215,86.5,38,0,9.22
221,Belaya Gora,RU,2022-05-12 14:48:03,68.5333,146.4167,21.22,94,30,6.69
222,Puerto Del Rosario,ES,2022-05-12 14:48:03,28.5004,-13.8627,74.95,69,20,9.22
223,Geraldton,AU,2022-05-12 14:48:03,-28.7667,114.6,55.81,88,100,5.75
224,Margate,GB,2022-05-12 14:48:04,51.3813,1.3862,64.87,49,40,12.33
225,Trairi,BR,2022-05-12 14:48:04,-3.2778,-39.2689,85.21,70,47,8.46
226,Teya,RU,2022-05-12 14:41:49,60.3778,92.6267,40.06,91,86,2.46
227,Manzil Salim,TN,2022-05-12 14:48:05,35.8567,8.4765,74.88,22,0,2.89
228,Egvekinot,RU,2022-05-12 14:49:05,66.3167,-179.1667,20.43,86,12,7.2
229,Zhigansk,RU,2022-05-12 14:39:23,66.7697,123.3711,33.93,99,100,5.46
230,Bilma,NE,2022-05-12 14:49:05,18.6853,12.9164,103.3,9,0,16.75
231,Isangel,VU,2022-05-12 14:49:06,-19.55,169.2667,74.71,62,100,19.39
232,Coquimbo,CL,2022-05-12 14:49:06,-29.9533,-71.3436,55.13,87,100,2.3
233,Huarmey,PE,2022-05-12 14:49:06,-10.0681,-78.1522,67.98,79,73,7.81
234,Andenes,NO,2022-05-12 14:49:07,69.3143,16.1194,40.98,87,75,11.5
235,Cururupu,BR,2022-05-12 14:49:07,-1.8283,-44.8683,84.25,74,83,3.65
236,Pouebo,NC,2022-05-12 14:49:07,-20.4,164.5667,72.93,79,100,18.01
237,Qesarya,IL,2022-05-12 14:49:08,32.5189,34.9046,74.35,58,26,12.24
238,Dauriya,RU,2022-05-12 14:49:08,49.9333,116.8667,35.85,64,100,7.9
239,Half Moon Bay,US,2022-05-12 14:45:10,37.4636,-122.4286,53.91,83,0,11.5
240,Inhambane,MZ,2022-05-12 14:49:09,-23.865,35.3833,78.78,65,20,6.91
241,Brae,GB,2022-05-12 14:49:09,60.3964,-1.353,48.18,87,99,23.64
242,Deputatskiy,RU,2022-05-12 14:49:09,69.3,139.9,26.83,99,100,2.93
243,Bukama,CD,2022-05-12 14:49:10,-9.2,25.85,85.95,49,65,2.51
244,Karaton,ID,2022-05-12 14:49:10,-6.3424,106.1045,77.94,87,87,6.24
245,Kawhia,NZ,2022-05-12 14:49:10,-38.0651,174.8183,47.55,72,10,5.14
246,Caravelas,BR,2022-05-12 14:39:24,-17.7125,-39.2481,86.99,50,100,6.2
247,Sao Filipe,CV,2022-05-12 14:39:23,14.8961,-24.4956,75.83,71,20,13.02
248,Sorland,NO,2022-05-12 14:49:11,67.667,12.6934,46.26,93,100,4.61
249,Takoradi,GH,2022-05-12 14:48:54,4.8845,-1.7554,85.1,72,90,9.08
250,Yulara,AU,2022-05-12 14:49:11,-25.2406,130.9889,57.61,54,95,7.85
251,Kumylzhenskaya,RU,2022-05-12 14:49:11,49.8809,42.5898,64.51,57,82,14.54
252,San Patricio,US,2022-05-12 14:49:12,28.017,-97.5169,84.07,62,8,14.0
253,Sampit,ID,2022-05-12 14:49:12,-2.5333,112.95,75.78,97,100,1.74
254,Acari,PE,2022-05-12 14:49:12,-15.4311,-74.6158,74.77,56,20,6.78
255,Cassia,BR,2022-05-12 14:49:13,-20.5831,-46.9219,75.99,58,98,5.84
256,Winnemucca,US,2022-05-12 14:49:13,40.973,-117.7357,33.85,69,100,0.0
257,Vila Velha,BR,2022-05-12 14:45:47,-20.3297,-40.2925,85.95,58,0,16.11
258,Saint-Pierre,RE,2022-05-12 14:49:14,-21.3393,55.4781,76.68,69,40,9.22
259,Chuy,UY,2022-05-12 14:49:14,-33.6971,-53.4616,63.05,57,23,8.57
260,Chiungutwa,TZ,2022-05-12 14:49:14,-10.8833,38.9833,74.34,69,21,2.93
261,Eureka,US,2022-05-12 14:49:15,40.8021,-124.1637,47.57,84,100,1.99
262,Mezhdurechensk,RU,2022-05-12 14:49:15,53.6942,88.0603,52.14,41,0,3.78
263,Nouadhibou,MR,2022-05-12 14:49:05,20.931,-17.0347,76.98,61,6,17.27
264,Astoria,US,2022-05-12 14:49:16,46.1879,-123.8313,48.92,92,100,8.05
265,Sola,VU,2022-05-12 14:49:16,-13.8833,167.55,77.23,89,100,20.6
266,Kautokeino,NO,2022-05-12 14:49:16,69.0125,23.0412,38.91,88,91,7.25
267,Maraa,BR,2022-05-12 14:49:17,-1.8333,-65.3667,83.79,78,85,4.32
268,Dubai,AE,2022-05-12 14:44:37,25.2582,55.3047,91.65,51,0,11.5
269,Dalhousie,IN,2022-05-12 14:49:17,32.5333,75.9833,64.85,41,9,10.09
270,Ouango,CF,2022-05-12 14:49:17,4.3133,22.5552,83.26,63,100,3.8
271,Westport,US,2022-05-12 14:49:18,41.1415,-73.3579,72.63,82,100,8.05
272,Puerto Palomas,MX,2022-05-12 14:49:18,31.7667,-107.6167,71.4,15,61,14.56
273,Tucuman,AR,2022-05-12 14:48:27,-26.8241,-65.2226,68.0,68,44,3.44
274,Aksarka,RU,2022-05-12 14:49:19,66.5606,67.7975,35.51,100,100,2.95
275,Minot,US,2022-05-12 14:50:19,48.2325,-101.2963,52.02,76,20,16.11
276,Semey,KZ,2022-05-12 14:47:12,50.4111,80.2275,66.13,35,20,5.93
277,Ternate,ID,2022-05-12 14:50:19,0.8,127.4,82.0,81,100,4.52
278,Koungheul,SN,2022-05-12 14:50:20,13.9833,-14.8,107.74,11,23,5.14
279,Lerwick,GB,2022-05-12 14:50:20,60.1545,-1.1494,48.2,87,98,23.17
280,Atar,MR,2022-05-12 14:50:21,20.5169,-13.0499,107.62,11,0,12.64
281,Kathmandu,NP,2022-05-12 14:49:21,27.7167,85.3167,73.62,83,40,3.44
282,Oum Hadjer,TD,2022-05-12 14:50:21,13.2954,19.6966,108.14,10,23,1.43
283,Mirnyy,RU,2022-05-12 14:50:21,62.5353,113.9611,40.26,97,100,4.92
284,Anadyr,RU,2022-05-12 14:50:22,64.75,177.4833,34.3,93,20,13.42
285,Bend,US,2022-05-12 14:45:27,44.0582,-121.3153,41.47,67,40,8.05
286,Fare,PF,2022-05-12 14:50:22,-16.7,-151.0167,80.8,76,3,17.54
287,Seoul,KR,2022-05-12 14:40:13,37.5683,126.9778,67.39,54,0,8.05
288,Buraydah,SA,2022-05-12 14:50:23,26.326,43.975,99.05,8,0,11.01
289,Miles City,US,2022-05-12 14:50:23,46.4083,-105.8406,49.17,93,100,11.5
290,Longyearbyen,SJ,2022-05-12 14:50:23,78.2186,15.6401,21.04,63,0,14.97
291,Aranos,NA,2022-05-12 14:50:24,-24.1333,19.1167,82.13,11,0,13.33
292,Kriva Palanka,MK,2022-05-12 14:50:24,42.2019,22.3319,70.41,52,60,5.32
293,Villazon,BO,2022-05-12 14:50:25,-22.0866,-65.5942,54.32,21,0,3.94
294,Avera,US,2022-05-12 14:50:25,33.194,-82.5271,73.54,56,0,13.51
295,Lorengau,PG,2022-05-12 14:40:41,-2.0226,147.2712,81.7,71,21,3.47
296,Sambava,MG,2022-05-12 14:49:16,-14.2667,50.1667,76.77,82,49,14.65
297,Dandong,CN,2022-05-12 14:50:26,40.1292,124.3947,53.65,57,100,4.14
298,Touros,BR,2022-05-12 14:50:26,-5.1989,-35.4608,83.03,77,67,12.88
299,Motril,ES,2022-05-12 14:50:26,36.7507,-3.5179,91.27,57,100,4.97
300,Tautira,PF,2022-05-12 14:41:55,-17.7333,-149.15,80.02,79,31,18.14
301,Saryg-Sep,RU,2022-05-12 14:50:27,51.5,95.6,43.34,30,0,3.83
302,Itoman,JP,2022-05-12 14:50:27,26.1247,127.6694,78.82,94,100,11.5
303,Poum,NC,2022-05-12 14:50:27,-20.2333,164.0167,76.87,72,100,28.48
304,Santa Lucia,ES,2022-05-12 14:47:07,27.9117,-15.5407,67.32,64,20,25.32
305,Todos Santos,MX,2022-05-12 14:50:28,23.45,-110.2167,77.59,49,31,2.33
306,Semypolky,UA,2022-05-12 14:50:28,50.7167,30.9333,74.32,58,59,22.08
307,Tougue,GN,2022-05-12 14:50:28,11.4667,-11.6,99.12,13,95,7.29
308,Antofagasta,CL,2022-05-12 14:48:04,-23.65,-70.4,70.21,52,38,5.97
309,Kysyl-Syr,RU,2022-05-12 14:50:29,63.8986,122.7617,36.88,99,98,5.35
310,Aklavik,CA,2022-05-12 14:50:29,68.2191,-135.0107,30.2,86,75,0.0
311,Aanekoski,FI,2022-05-12 14:50:30,62.6946,25.818,53.85,73,100,5.14
312,Vaasa,FI,2022-05-12 14:50:30,63.096,21.6158,53.62,66,20,11.5
313,Tahe,CN,2022-05-12 14:50:30,52.3333,124.7333,31.73,75,35,2.68
314,Disna,BY,2022-05-12 14:50:31,55.568,28.1971,56.75,78,75,17.52
315,Kosice,SK,2022-05-12 14:50:20,48.6667,21.3333,81.99,41,20,10.36
316,Arlit,NE,2022-05-12 14:46:17,18.7369,7.3853,106.3,5,0,9.82
317,Pirapemas,BR,2022-05-12 14:50:31,-3.7267,-44.2233,88.25,60,36,1.97
318,Valparaiso,CL,2022-05-12 14:50:31,-33.0393,-71.6273,53.83,100,100,3.44
319,Dalby,AU,2022-05-12 14:50:32,-27.1833,151.2667,66.97,93,100,1.99
320,Changping,CN,2022-05-12 14:50:32,40.2186,116.2197,53.24,26,63,9.89
321,Batesville,US,2022-05-12 14:48:36,35.7698,-91.641,84.61,74,0,0.0
322,Micheweni,TZ,2022-05-12 14:51:32,-4.9667,39.8333,80.74,76,28,14.05
323,Mingshui,CN,2022-05-12 14:51:33,36.7167,117.5,52.02,83,100,4.63
324,Leua,SK,2022-05-12 14:51:33,48.2156,18.6071,87.44,59,33,9.06
325,Emmett,US,2022-05-12 14:51:33,43.8735,-116.4993,48.36,73,100,5.01
326,Tazmalt,DZ,2022-05-12 14:51:34,36.3868,4.3989,81.7,27,10,6.69
327,Kharp,RU,2022-05-12 14:51:34,66.8014,65.8081,35.24,100,100,0.58
328,Karpogory,RU,2022-05-12 14:51:35,64.0019,44.4451,61.18,52,91,3.4
329,Phek,IN,2022-05-12 14:51:35,25.6667,94.5,58.33,98,74,1.7
330,Hoshiarpur,IN,2022-05-12 14:51:35,31.5322,75.9172,94.06,19,0,15.39
331,Shelburne,CA,2022-05-12 14:51:36,44.0787,-80.2041,76.35,18,47,10.51
332,Esperance,AU,2022-05-12 14:51:36,-33.8667,121.9,59.34,66,100,6.78
333,Bako,ET,2022-05-12 14:51:36,5.7833,36.5667,74.61,64,62,3.0
334,Sindor,RU,2022-05-12 14:51:37,62.8629,51.8905,44.98,77,100,11.5
335,La Orilla,MX,2022-05-12 14:51:37,17.9833,-102.2333,88.39,45,7,1.97
336,Port-Gentil,GA,2022-05-12 14:51:37,-0.7193,8.7815,85.96,74,40,8.05
337,Senneterre,CA,2022-05-12 14:51:38,48.3835,-77.2328,74.98,49,93,7.52
338,Winslow,US,2022-05-12 14:50:57,35.0242,-110.6974,44.78,16,0,3.44
339,Gejiu,CN,2022-05-12 14:51:38,23.306,103.1635,57.24,94,13,1.23
340,Yarega,RU,2022-05-12 14:51:39,63.4354,53.5765,46.6,76,100,7.31
341,Ribas Do Rio Pardo,BR,2022-05-12 14:51:39,-20.4431,-53.7592,77.77,49,22,2.8
342,Ulaanbaatar,MN,2022-05-12 14:51:39,47.9077,106.8832,44.73,24,0,13.42
343,Coihaique,CL,2022-05-12 14:51:40,-45.5752,-72.0662,40.95,93,100,5.75
344,Saint Anthony,US,2022-05-12 14:51:40,45.0205,-93.218,65.93,94,100,9.22
345,Xiongzhou,CN,2022-05-12 14:51:40,25.1167,114.3,69.6,98,100,2.17
346,Chulman,RU,2022-05-12 14:51:41,56.8479,124.9104,26.65,96,100,3.47
347,Iskateley,RU,2022-05-12 14:51:41,67.6803,53.1512,42.37,99,100,8.68
348,Beringovskiy,RU,2022-05-12 14:51:41,63.05,179.3167,31.53,82,75,6.44
349,Guozhen,CN,2022-05-12 14:51:42,34.3659,107.359,55.02,93,100,1.83
350,Zonguldak,TR,2022-05-12 14:51:42,41.25,31.8333,62.8,53,8,5.77
351,Karasjok,NO,2022-05-12 14:51:42,69.4719,25.5112,39.94,83,25,14.29
352,Manica,FR,2022-05-12 14:51:43,49.0,-1.1667,61.32,50,74,8.59
353,Sarkand,KZ,2022-05-12 14:51:43,45.41,79.9186,64.31,50,65,2.86
354,Kusti,SD,2022-05-12 14:51:43,13.1629,32.6635,107.94,8,61,6.44
355,Tabuk,PH,2022-05-12 14:51:44,17.4189,121.4443,77.68,84,100,2.64
356,Vallenar,CL,2022-05-12 14:51:44,-28.5708,-70.7581,71.55,39,41,3.96
357,Dawei,MM,2022-05-12 14:51:44,14.0833,98.2,78.98,87,100,2.48
358,Faanui,PF,2022-05-12 14:51:45,-16.4833,-151.75,80.71,77,20,18.03
359,Belmonte,BR,2022-05-12 14:51:45,-15.8631,-38.8828,83.46,64,49,6.82
360,Thinadhoo,MV,2022-05-12 14:49:25,0.5333,72.9333,83.89,75,83,13.04
361,The Valley,AI,2022-05-12 14:51:45,18.217,-63.0578,82.54,74,40,19.57
362,Mount Gambier,AU,2022-05-12 14:51:46,-37.8333,140.7667,55.62,90,58,1.41
363,Clyde River,CA,2022-05-12 14:51:46,70.4692,-68.5914,21.43,68,0,12.66
364,Atasu,KZ,2022-05-12 14:41:53,48.6814,71.6433,62.13,39,9,4.0
365,Kochevo,RU,2022-05-12 14:51:46,59.5994,54.3125,53.56,55,38,5.37
366,Udachnyy,RU,2022-05-12 14:51:47,66.4167,112.4,34.45,92,57,7.65
367,Hit,IQ,2022-05-12 14:51:47,33.6416,42.8251,86.58,12,0,17.72
368,Porto Novo,BJ,2022-05-12 14:51:47,6.4965,2.6036,88.18,60,100,8.39
369,Fuzhou,CN,2022-05-12 14:52:24,26.0614,119.3061,66.09,99,100,0.4
370,Zhanaozen,KZ,2022-05-12 14:50:29,43.3,52.8,65.14,41,13,10.78
371,Tiznit,MA,2022-05-12 14:52:48,29.5833,-9.5,85.51,28,0,7.09
372,Birjand,IR,2022-05-12 14:52:48,32.8663,59.2211,86.47,3,0,16.11
373,Nelson Bay,AU,2022-05-12 14:52:49,-32.7167,152.15,68.11,97,100,1.99
374,Hedaru,TZ,2022-05-12 14:52:49,-4.5,37.9,78.33,58,64,13.06
375,Bathsheba,BB,2022-05-12 14:52:49,13.2167,-59.5167,86.61,66,20,20.71
376,Barlinek,PL,2022-05-12 14:52:50,52.9946,15.2186,68.59,53,100,12.1
377,Hami,CN,2022-05-12 14:52:50,42.8,93.45,67.6,11,100,19.46
378,Berlevag,NO,2022-05-12 14:52:50,70.8578,29.0864,40.95,70,75,16.11
379,Quesnel,CA,2022-05-12 14:52:23,52.9999,-122.5029,43.3,56,20,6.91
380,Vilyuysk,RU,2022-05-12 14:52:51,63.7553,121.6247,40.86,95,98,8.28
381,Bereda,ES,2022-05-12 14:52:51,43.2686,-7.5406,65.93,60,100,7.31
382,Clearlake,US,2022-05-12 14:52:51,38.9582,-122.6264,47.17,75,99,4.27
383,Pilar,BR,2022-05-12 14:52:52,-9.5972,-35.9567,82.33,63,62,8.86
384,Port Blair,IN,2022-05-12 14:52:52,11.6667,92.75,78.84,89,75,1.14
385,Ilulissat,GL,2022-05-12 14:49:17,69.2167,-51.1,24.82,50,20,9.22
386,La Rioja,ES,2022-05-12 14:52:52,42.25,-2.5,69.58,44,100,6.2
387,Nago,JP,2022-05-12 14:52:53,26.5881,127.9761,75.63,92,73,11.23
388,Russkaya Polyana,UA,2022-05-12 14:52:53,49.417,31.9201,74.52,55,8,16.4
389,Port-Cartier,CA,2022-05-12 14:52:53,50.0334,-66.8654,62.82,39,10,8.46
390,Kalabo,ZM,2022-05-12 14:52:54,-14.97,22.6814,82.81,33,0,1.86
391,Porlamar,VE,2022-05-12 14:52:54,10.958,-63.8491,81.36,74,95,15.93
392,La Paz,BO,2022-05-12 14:52:09,-16.5,-68.15,51.78,43,20,2.3
393,Camana,PE,2022-05-12 14:52:54,-16.6228,-72.7111,67.42,76,56,5.84
394,Lavrentiya,RU,2022-05-12 14:52:55,65.5833,-171.0,31.33,87,73,11.54
395,El Campo,US,2022-05-12 14:52:55,29.1966,-96.2697,82.81,73,40,10.36
396,Wum,CM,2022-05-12 14:52:55,6.3833,10.0667,78.62,72,99,1.3
397,Ushtobe,KZ,2022-05-12 14:52:56,45.2514,77.9838,71.98,34,76,10.22
398,Dunedin,NZ,2022-05-12 14:52:56,-45.8742,170.5036,51.8,63,98,4.9
399,Colares,PT,2022-05-12 14:51:27,38.7992,-9.4469,87.33,39,20,9.22
400,Novikovo,RU,2022-05-12 14:52:57,51.1537,37.8879,66.52,65,90,13.44
401,Sao Domingos,BR,2022-05-12 14:52:57,-13.3983,-46.3183,88.88,25,86,2.55
402,Auki,SB,2022-05-12 14:52:57,-8.7676,160.7034,76.66,86,99,3.4
403,Faya,SA,2022-05-12 14:52:58,18.3851,42.4509,84.72,27,5,4.72
404,Saldanha,ZA,2022-05-12 14:52:58,-33.0117,17.9442,68.05,62,67,7.29
405,Souillac,MU,2022-05-12 14:52:58,-20.5167,57.5167,75.58,88,40,2.3
406,Samur,RU,2022-05-12 14:52:59,41.8253,48.486,57.96,66,49,2.71
407,Mount Kisco,US,2022-05-12 14:52:59,41.2043,-73.7271,75.67,75,75,5.75
408,Plettenberg Bay,ZA,2022-05-12 14:52:59,-34.0527,23.3716,61.09,76,19,6.38
409,Mehamn,NO,2022-05-12 14:53:00,71.0357,27.8492,40.91,93,100,21.07
410,Ucluelet,CA,2022-05-12 14:53:00,48.9329,-125.5528,44.1,91,92,2.08
411,Udaipura,IN,2022-05-12 14:53:00,23.0833,78.5,103.33,17,61,0.96
412,Katangli,RU,2022-05-12 14:53:01,51.7102,143.2326,31.01,99,99,2.1
413,Mahonda,TZ,2022-05-12 14:53:01,-6.45,39.4667,84.31,72,21,17.76
414,Natal,BR,2022-05-12 14:52:06,-5.795,-35.2094,86.22,70,40,14.97
415,Dauphin,CA,2022-05-12 14:53:01,51.1494,-100.0502,51.94,82,0,0.0
416,Ritchie,ZA,2022-05-12 14:53:02,-29.038,24.6028,78.01,18,0,9.98
417,Tilichiki,RU,2022-05-12 14:54:17,60.4667,166.1,29.41,97,100,5.59
418,Listvyanskiy,RU,2022-05-12 14:54:18,54.4399,83.4984,56.61,37,63,4.45
419,Hamadan,IR,2022-05-12 14:54:18,34.7992,48.5146,65.28,22,40,9.22
420,Atambua,ID,2022-05-12 14:54:18,-9.1061,124.8925,73.29,89,16,2.39
421,Totma,RU,2022-05-12 14:54:19,59.9747,42.7642,54.84,74,99,12.15
422,Ban Nahin,LA,2022-05-12 14:54:19,18.2418,104.2122,76.5,95,100,1.86
423,College,US,2022-05-12 14:54:20,64.8569,-147.8028,36.59,91,100,2.3
424,Tshikapa,CD,2022-05-12 14:54:24,-6.4167,20.8,89.55,46,43,0.87
425,Manado,ID,2022-05-12 14:54:25,1.487,124.8455,79.57,94,40,2.3
426,Gobabis,NA,2022-05-12 14:54:25,-22.45,18.9667,79.03,13,0,3.15
427,Muravlenko,RU,2022-05-12 14:54:25,63.7898,74.523,53.11,65,100,10.49
428,Pueblo Bello,CO,2022-05-12 14:54:26,8.2041,-76.526,81.1,83,45,3.71
429,Sobradinho,BR,2022-05-12 14:53:11,-12.8333,-39.1,85.98,54,48,2.44
430,Sistranda,NO,2022-05-12 14:54:26,63.7256,8.834,48.16,82,100,29.55
431,Pisco,PE,2022-05-12 14:54:27,-13.7,-76.2167,65.01,88,75,6.91
432,Omagari,JP,2022-05-12 14:54:27,39.45,140.4833,60.4,92,100,2.89
433,Laguna,US,2022-05-12 14:51:23,38.421,-121.4238,53.96,70,0,9.22
434,Alofi,NU,2022-05-12 14:54:27,-19.0595,-169.9187,76.89,94,95,4.61
435,Saiha,IN,2022-05-12 14:54:28,22.4833,92.9667,69.24,97,9,2.33
436,Sobolevo,RU,2022-05-12 14:54:28,54.4299,31.8996,54.86,87,98,18.48
437,Pangoa,PE,2022-05-12 14:54:29,-12.1167,-73.0,68.13,92,90,1.16
438,Hailey,US,2022-05-12 14:54:29,43.5196,-114.3153,46.8,45,9,10.0
439,Lamu,KE,2022-05-12 14:54:29,-2.2717,40.902,84.42,77,79,14.14
440,Waslala,NI,2022-05-12 14:54:30,13.2333,-85.3833,81.21,61,75,5.7
441,Ipora,BR,2022-05-12 14:54:30,-16.4419,-51.1178,82.99,45,100,5.28
442,Kuhdasht,IR,2022-05-12 14:54:30,33.535,47.6061,72.68,19,2,13.78
443,Nemuro,JP,2022-05-12 14:54:31,43.3236,145.575,43.81,99,100,13.09
444,Buala,SB,2022-05-12 14:54:31,-8.145,159.5921,80.29,79,100,3.85
445,Mildura,AU,2022-05-12 14:54:31,-34.2,142.15,59.07,100,100,2.3
446,Novyy Buh,UA,2022-05-12 14:54:32,47.6931,32.5216,72.36,44,7,17.18
447,Klaksvik,FO,2022-05-12 14:54:32,62.2266,-6.589,47.32,84,100,15.17
448,Back Mountain,US,2022-05-12 14:54:33,41.3359,-75.9963,74.41,55,24,5.39
449,Basco,PH,2022-05-12 14:54:33,20.4487,121.9702,83.55,78,99,17.94
450,Arman,RU,2022-05-12 14:54:33,59.7,150.1667,34.95,89,67,1.48
451,Kadom,RU,2022-05-12 14:54:34,54.5592,42.4675,53.1,87,100,6.51
452,Ugoofaaru,MV,2022-05-12 14:54:34,5.6667,73.0,83.23,79,95,20.13
453,Saquena,PE,2022-05-12 14:54:34,-4.6667,-73.5167,86.09,65,56,2.77
454,Maragogi,BR,2022-05-12 14:54:35,-9.0122,-35.2225,82.62,72,28,9.24
455,Bonavista,CA,2022-05-12 14:54:35,48.6499,-53.1147,49.8,76,71,8.63
456,Skibbereen,IE,2022-05-12 14:54:36,51.55,-9.2667,55.11,70,79,19.46
457,North Bend,US,2022-05-12 14:54:36,43.4065,-124.2243,49.91,95,100,9.22
458,Tevaitoa,PF,2022-05-12 14:54:36,-16.7833,-151.5,80.73,77,15,17.52
459,Mandalgovi,MN,2022-05-12 14:54:37,45.7625,106.2708,40.46,35,21,13.71
460,Sol-Iletsk,RU,2022-05-12 14:54:37,51.1631,54.9918,48.0,84,100,16.58
461,Pacifica,US,2022-05-12 14:52:45,37.6138,-122.4869,54.41,83,20,11.5
462,Hofn,IS,2022-05-12 14:54:38,64.2539,-15.2082,37.42,75,100,11.5
463,Poya,NC,2022-05-12 14:55:38,-21.35,165.15,72.3,76,100,9.33
464,Zheshart,RU,2022-05-12 14:55:38,62.0731,49.5733,43.25,87,100,13.8
465,Shingu,JP,2022-05-12 14:55:39,33.7333,135.9833,67.05,98,100,7.38
466,San Matias,BO,2022-05-12 14:55:39,-16.3667,-58.4,84.99,51,34,5.61
467,Skjervoy,NO,2022-05-12 14:55:40,70.0311,20.9714,34.99,100,100,9.71
468,Tsumeb,NA,2022-05-12 14:55:41,-19.2333,17.7167,82.13,10,0,6.22
469,Bin Qirdan,TN,2022-05-12 14:55:41,33.1378,11.2197,71.53,50,0,13.67
470,Kaputa,ZM,2022-05-12 14:55:42,-8.4689,29.6619,77.79,61,16,2.59
471,Kiruna,SE,2022-05-12 14:55:42,67.8557,20.2251,47.32,46,0,8.05
472,Fort William,GB,2022-05-12 14:55:43,56.8165,-5.1121,51.64,89,100,9.42
473,Ambulu,ID,2022-05-12 14:55:43,-8.345,113.6058,77.99,90,45,2.35
474,Nanlong,CN,2022-05-12 14:55:44,31.3533,106.0631,74.23,66,65,0.6
475,Diapaga,BF,2022-05-12 14:55:44,12.0708,1.7889,102.6,25,89,5.99
476,Bubaque,GW,2022-05-12 14:55:45,11.2833,-15.8333,77.7,79,62,8.88
477,Cuite,BR,2022-05-12 14:51:21,-6.4836,-36.1536,85.39,44,68,12.06
478,Bimbo,CF,2022-05-12 14:55:45,4.2567,18.4158,85.93,66,40,3.44
479,Parintins,BR,2022-05-12 14:55:46,-2.6283,-56.7358,85.57,68,72,3.49
480,Kontagora,NG,2022-05-12 14:55:47,10.3999,5.4695,96.76,35,77,2.91
481,Gorontalo,ID,2022-05-12 14:55:47,0.5412,123.0595,77.56,93,99,1.99
482,Bakaly,RU,2022-05-12 14:55:48,55.1789,53.8028,47.53,90,100,16.24
483,Polyarnyy,RU,2022-05-12 14:55:48,69.1989,33.4478,44.35,71,100,11.5
484,Kiama,AU,2022-05-12 14:55:49,-34.6833,150.8667,67.24,90,100,5.01
485,Hirara,JP,2022-05-12 14:55:49,24.8,125.2833,79.2,85,100,14.34
486,Luena,AO,2022-05-12 14:55:50,-11.7833,19.9167,82.58,61,40,6.91
487,Gat,IL,2022-05-12 14:55:50,31.61,34.7642,76.41,46,38,12.33
488,Kodinsk,RU,2022-05-12 14:55:51,58.6881,99.1844,50.4,51,98,2.15
489,Miri,MY,2022-05-12 14:55:51,4.4148,114.0089,77.14,100,40,2.3
490,Abu Samrah,SY,2022-05-12 14:55:52,35.3029,37.1841,75.0,29,5,15.32
491,Jidong,CN,2022-05-12 14:55:53,45.2167,131.0833,47.12,36,99,4.12
492,Port Augusta,AU,2022-05-12 14:55:53,-32.5,137.7667,58.53,86,96,3.89
493,Chicama,PE,2022-05-12 14:55:54,-7.8447,-79.1469,63.14,77,95,6.38
494,Ardakan,IR,2022-05-12 14:55:57,32.31,54.0175,87.57,7,0,6.51
495,Dafeng,CN,2022-05-12 14:55:58,23.4517,108.5881,73.4,92,100,2.89
496,Svetlogorsk,BY,2022-05-12 14:55:58,52.6333,29.7333,63.41,80,68,19.71
497,Pachino,IT,2022-05-12 14:55:59,36.7186,15.0907,66.67,63,0,5.12
498,Waverley,ZA,2022-05-12 14:55:59,-25.7023,28.2591,75.81,32,0,6.91
499,Tipuani,BO,2022-05-12 14:56:00,-15.5648,-68.0185,78.48,69,46,3.18
500,Blora,ID,2022-05-12 14:56:01,-6.9698,111.4186,77.14,91,42,0.98
501,Bahia De Caraquez,EC,2022-05-12 14:56:01,-0.6,-80.4167,77.18,81,82,1.57
502,Khvoynaya,RU,2022-05-12 14:56:02,58.9,34.5333,52.09,88,100,4.79
503,Timbo,BR,2022-05-12 14:56:02,-26.8233,-49.2717,70.92,48,0,2.95
504,Campoverde,PE,2022-05-12 14:56:03,-8.4753,-74.8058,78.49,99,99,3.74
505,Montlucon,FR,2022-05-12 14:56:03,46.3333,2.6,70.7,74,100,6.55
506,Kudahuvadhoo,MV,2022-05-12 14:56:04,2.6708,72.8944,83.17,79,42,16.55
507,Taree,AU,2022-05-12 14:56:04,-31.9,152.4667,70.11,97,100,3.69
508,Dali,CN,2022-05-12 14:56:05,25.7,100.1833,61.32,88,33,4.94
509,San Carlos De Bariloche,AR,2022-05-12 14:56:06,-41.1456,-71.3082,46.15,81,75,2.3
510,Kamenka,RU,2022-05-12 14:57:06,51.3223,42.7678,59.52,70,99,9.06
511,Sept-Iles,CA,2022-05-12 14:57:07,50.2001,-66.3821,63.12,36,75,10.36
512,Vendas Novas,PT,2022-05-12 14:57:07,38.6771,-8.4579,87.82,19,14,6.13
513,Leshukonskoye,RU,2022-05-12 14:57:08,64.8989,45.7622,58.87,63,10,5.35
514,Palmeira Das Missoes,BR,2022-05-12 14:57:08,-27.8994,-53.3136,59.58,66,0,5.41
515,American Canyon,US,2022-05-12 14:57:09,38.1749,-122.2608,54.9,68,41,1.99
516,Qiryat Gat,IL,2022-05-12 14:57:11,31.61,34.7642,76.41,46,38,12.33
517,Kruisfontein,ZA,2022-05-12 14:57:11,-34.0033,24.7314,64.89,74,1,9.71
518,Yar-Sale,RU,2022-05-12 14:57:12,66.8333,70.8333,35.55,100,100,4.99
519,Savonlinna,FI,2022-05-12 14:57:12,61.8699,28.88,50.05,76,0,8.05
520,Sulina,RO,2022-05-12 14:57:13,45.1559,29.6536,67.87,59,43,13.91
521,Kieta,PG,2022-05-12 14:57:13,-6.2167,155.6333,78.31,83,100,2.64
522,Yerofey Pavlovich,RU,2022-05-12 14:57:14,53.9667,121.9667,31.26,94,97,2.77
523,Ketchikan,US,2022-05-12 14:57:14,55.3422,-131.6461,44.51,88,99,5.08
524,Vila,PT,2022-05-12 14:57:15,42.0304,-8.1588,71.71,26,100,6.17
525,Oudtshoorn,ZA,2022-05-12 14:57:15,-33.5907,22.2014,61.16,49,0,8.79
526,Broome,US,2022-05-12 14:57:16,42.2506,-75.833,77.38,38,45,1.99
527,Chumikan,RU,2022-05-12 14:57:16,54.7183,135.315,32.18,99,100,11.68
528,Cayenne,GF,2022-05-12 14:57:02,4.9333,-52.3333,86.09,34,75,17.27
529,Vestmannaeyjar,IS,2022-05-12 14:57:17,63.4427,-20.2734,41.99,75,40,13.8
530,Veraval,IN,2022-05-12 14:57:17,20.9,70.3667,83.91,83,41,16.62
531,Mananjary,MG,2022-05-12 14:57:18,-21.2167,48.3333,72.52,82,10,5.75
532,Pacific Grove,US,2022-05-12 14:57:18,36.6177,-121.9166,52.02,85,7,7.0
533,Borba,BR,2022-05-12 14:57:20,-4.3878,-59.5939,91.94,49,64,3.58
534,Talaya,RU,2022-05-12 14:57:21,61.3833,152.75,23.65,97,44,3.65
535,Sudak,UA,2022-05-12 14:57:21,44.85,34.9667,59.36,58,8,7.76
536,Wewak,PG,2022-05-12 14:57:22,-3.5534,143.6268,80.17,82,73,4.23
537,Ouadda,CF,2022-05-12 14:57:22,8.0777,22.4007,82.92,58,72,10.13
538,Chamalieres,FR,2022-05-12 14:57:23,45.7756,3.0631,66.92,77,75,5.75
539,Ekhabi,RU,2022-05-12 14:57:24,53.5102,142.9671,32.22,95,100,10.85
540,Jiwani,PK,2022-05-12 14:57:24,25.05,61.7417,85.26,68,1,14.34
541,Beisfjord,NO,2022-05-12 14:57:25,68.3751,17.5988,46.45,98,95,5.12
542,Manicore,BR,2022-05-12 14:57:25,-5.8092,-61.3003,87.75,70,17,8.05
543,Taoudenni,ML,2022-05-12 14:57:26,22.6783,-3.9836,104.54,6,1,15.84
544,Adelaide,AU,2022-05-12 14:57:26,-34.9333,138.6,62.19,78,75,3.0
545,Ola,RU,2022-05-12 14:57:27,59.5833,151.2833,34.93,86,50,2.28
546,Peleduy,RU,2022-05-12 14:57:27,59.6289,112.7406,43.16,98,100,3.24
