City_ID,City,Country,Date,Lat,Lng,Max Temp,Humidity,Cloudiness,Wind Speed,Current Description
0,Mataura,NZ,2022-05-17 13:05:06,-46.1927,168.8643,45.48,92,94,3.15,overcast clouds
1,Bredasdorp,ZA,2022-05-17 13:05:07,-34.5322,20.0403,80.87,24,21,6.93,few clouds
2,Roma,US,2022-05-17 12:54:03,43.2128,-75.4557,52.95,94,98,4.0,overcast clouds
3,Karratha,AU,2022-05-17 13:05:07,-20.7377,116.8463,72.59,89,99,5.73,light rain
4,Carnarvon,AU,2022-05-17 13:05:08,-24.8667,113.6333,72.3,61,0,8.46,clear sky
5,Rexburg,US,2022-05-17 13:05:08,43.826,-111.7897,48.42,81,0,0.0,clear sky
6,Jamestown,US,2022-05-17 13:02:25,42.097,-79.2353,53.06,68,0,9.22,clear sky
7,Punta Arenas,CL,2022-05-17 13:05:08,-53.15,-70.9167,44.71,87,100,14.97,overcast clouds
8,Avarua,CK,2022-05-17 13:05:11,-21.2078,-159.775,73.45,94,75,3.44,broken clouds
9,Ushuaia,AR,2022-05-17 13:03:53,-54.8,-68.3,39.07,93,100,8.57,overcast clouds
10,Nantucket,US,2022-05-17 13:02:19,41.2835,-70.0995,62.71,72,0,14.97,clear sky
11,Hermanus,ZA,2022-05-17 13:05:11,-34.4187,19.2345,72.97,43,97,4.34,overcast clouds
12,Queimadas,BR,2022-05-17 13:05:12,-10.9783,-39.6264,84.11,56,93,3.89,overcast clouds
13,Kodiak,US,2022-05-17 13:05:12,57.79,-152.4072,42.31,56,0,4.61,clear sky
14,San Policarpo,PH,2022-05-17 13:05:12,12.1791,125.5072,81.73,82,96,10.49,overcast clouds
15,Butaritari,KI,2022-05-17 13:05:13,3.0707,172.7902,81.64,76,20,16.4,few clouds
16,Portland,US,2022-05-17 13:05:13,45.5234,-122.6762,48.13,87,75,3.44,broken clouds
17,Andenes,NO,2022-05-17 13:03:14,69.3143,16.1194,35.58,93,100,18.41,light rain
18,Qaanaaq,GL,2022-05-17 13:05:13,77.484,-69.3632,22.28,73,97,7.18,overcast clouds
19,Saskylakh,RU,2022-05-17 13:05:14,71.9167,114.0833,13.12,98,56,3.36,broken clouds
20,Rikitea,PF,2022-05-17 13:05:14,-23.1203,-134.9692,76.37,79,15,21.65,few clouds
21,Severo-Kurilsk,RU,2022-05-17 13:05:14,50.6789,156.125,41.41,80,10,5.86,clear sky
22,Victoria,HK,2022-05-17 13:04:26,22.2855,114.1577,75.18,75,74,13.0,broken clouds
23,Aswan,EG,2022-05-17 13:05:15,24.0934,32.907,105.03,9,22,14.9,few clouds
24,Bluff,NZ,2022-05-17 13:05:15,-46.6,168.3333,45.81,79,93,12.46,overcast clouds
25,Manicaragua,CU,2022-05-17 13:05:16,22.1494,-79.9736,79.25,77,74,2.15,broken clouds
26,Zelenoborskiy,RU,2022-05-17 13:05:16,66.845,32.3622,40.64,56,100,6.49,overcast clouds
27,Katakwi,UG,2022-05-17 13:05:16,1.8911,33.9661,80.96,50,69,6.44,broken clouds
28,New Norfolk,AU,2022-05-17 13:05:17,-42.7826,147.0587,50.92,79,96,1.99,overcast clouds
29,Hithadhoo,MV,2022-05-17 13:05:17,-0.6,73.0833,84.16,76,56,18.54,broken clouds
30,Nanortalik,GL,2022-05-17 13:05:17,60.1432,-45.2371,39.07,82,23,2.82,few clouds
31,Tiksi,RU,2022-05-17 13:05:18,71.6872,128.8694,25.07,97,100,10.09,light snow
32,Vestmanna,FO,2022-05-17 13:05:18,62.1564,-7.1664,47.32,100,100,21.85,light rain
33,Atuona,PF,2022-05-17 13:05:18,-9.8,-139.0333,78.87,66,93,17.65,overcast clouds
34,Arraial Do Cabo,BR,2022-05-17 13:05:19,-22.9661,-42.0278,75.06,73,20,10.36,few clouds
35,Chokurdakh,RU,2022-05-17 12:56:08,70.6333,147.9167,28.69,85,100,3.8,overcast clouds
36,Lengshuijiang,CN,2022-05-17 13:05:19,27.6881,111.4294,65.19,78,100,2.1,overcast clouds
37,Tessalit,ML,2022-05-17 13:05:19,20.1986,1.0114,103.6,8,2,5.3,clear sky
38,Clyde River,CA,2022-05-17 13:05:20,70.4692,-68.5914,22.71,88,43,0.78,scattered clouds
39,Sarahan,IN,2022-05-17 13:05:20,31.5167,77.8,56.28,84,100,1.68,overcast clouds
40,Tasiilaq,GL,2022-05-17 12:56:10,65.6145,-37.6368,38.62,99,100,3.27,overcast clouds
41,Kuusamo,FI,2022-05-17 13:05:21,65.9667,29.1833,37.44,60,100,9.22,overcast clouds
42,Huaral,PE,2022-05-17 13:06:21,-11.495,-77.2078,65.07,79,82,4.59,broken clouds
43,Vardo,NO,2022-05-17 13:03:13,70.3705,31.1107,39.18,75,100,21.85,overcast clouds
44,Vaini,TO,2022-05-17 13:06:21,-21.2,-175.2,71.76,83,20,6.91,few clouds
45,Coquimbo,CL,2022-05-17 13:04:14,-29.9533,-71.3436,56.37,83,40,1.41,scattered clouds
46,Hobart,AU,2022-05-17 13:06:22,-42.8794,147.3294,51.26,72,95,14.97,overcast clouds
47,Rafaela,AR,2022-05-17 13:06:22,-31.2503,-61.4867,46.99,51,70,8.99,broken clouds
48,Sambava,MG,2022-05-17 13:06:22,-14.2667,50.1667,80.44,72,0,15.9,clear sky
49,Northam,GB,2022-05-17 13:06:23,51.0333,-4.2167,69.39,68,87,20.02,light rain
50,Nelson Bay,AU,2022-05-17 13:06:23,-32.7167,152.15,57.99,92,0,11.41,clear sky
51,Mogadishu,SO,2022-05-17 13:03:12,2.0371,45.3438,82.9,73,64,19.15,broken clouds
52,Nizhnevartovsk,RU,2022-05-17 13:06:23,60.9344,76.5531,55.42,94,20,7.0,light intensity shower rain
53,Saldanha,ZA,2022-05-17 13:06:24,-33.0117,17.9442,77.11,32,14,12.28,few clouds
54,Klaksvik,FO,2022-05-17 13:06:24,62.2266,-6.589,49.12,97,100,24.32,overcast clouds
55,Port Alfred,ZA,2022-05-17 13:06:24,-33.5906,26.891,83.55,38,0,5.64,clear sky
56,High Prairie,CA,2022-05-17 13:05:22,55.4334,-116.4858,40.21,66,100,11.77,overcast clouds
57,Pangnirtung,CA,2022-05-17 13:06:25,66.1451,-65.7125,28.69,73,100,1.83,overcast clouds
58,Upernavik,GL,2022-05-17 13:06:25,72.7868,-56.1549,15.55,83,23,8.72,few clouds
59,Corn Island,NI,2022-05-17 13:06:26,12.1694,-83.0418,81.86,78,100,12.46,overcast clouds
60,Neunkirchen,DE,2022-05-17 13:06:26,49.35,7.1833,81.25,39,0,6.91,clear sky
61,Giarmata,RO,2022-05-17 13:06:26,45.8383,21.3108,80.96,43,20,8.05,few clouds
62,Ganj Muradabad,IN,2022-05-17 13:06:27,26.9667,80.1833,104.88,7,0,6.35,clear sky
63,Merauke,ID,2022-05-17 13:06:27,-8.4667,140.3333,78.03,82,7,10.69,clear sky
64,Taoudenni,ML,2022-05-17 13:06:27,22.6783,-3.9836,105.98,4,0,8.08,clear sky
65,Chuy,UY,2022-05-17 13:06:28,-33.6971,-53.4616,51.49,88,100,20.58,overcast clouds
66,Barrow,US,2022-05-17 13:06:28,71.2906,-156.7887,15.82,73,100,3.44,haze
67,Lompoc,US,2022-05-17 13:06:28,34.6391,-120.4579,53.78,85,100,27.0,overcast clouds
68,Kaura Namoda,NG,2022-05-17 13:06:29,12.5898,6.5779,103.89,8,99,5.66,overcast clouds
69,Yellowknife,CA,2022-05-17 13:04:28,62.456,-114.3525,37.49,69,93,16.04,overcast clouds
70,Kapaa,US,2022-05-17 13:06:29,22.0752,-159.319,73.38,96,45,1.99,scattered clouds
71,Roebourne,AU,2022-05-17 13:06:29,-20.7833,117.1333,72.73,88,100,4.09,light rain
72,Busselton,AU,2022-05-17 13:06:30,-33.65,115.3333,61.97,80,100,8.88,heavy intensity rain
73,Cidreira,BR,2022-05-17 13:06:30,-30.1811,-50.2056,54.23,73,82,23.91,broken clouds
74,Lahad Datu,MY,2022-05-17 13:06:30,5.0268,118.327,77.45,89,100,2.42,overcast clouds
75,Shubarshi,KZ,2022-05-17 13:06:31,48.5872,57.1869,64.33,38,100,14.7,overcast clouds
76,Tiarei,PF,2022-05-17 13:06:31,-17.5333,-149.3333,73.42,76,43,12.39,light rain
77,Oranjemund,NA,2022-05-17 13:06:31,-28.55,16.4333,88.74,22,0,11.34,clear sky
78,Geraldton,AU,2022-05-17 13:06:32,-28.7667,114.6,61.21,88,30,6.91,scattered clouds
79,Hilo,US,2022-05-17 13:06:32,19.7297,-155.09,72.28,91,75,5.75,broken clouds
80,Port Blair,IN,2022-05-17 13:06:33,11.6667,92.75,79.48,90,100,8.1,moderate rain
81,Kaeo,NZ,2022-05-17 13:06:33,-35.1,173.7833,65.32,94,100,12.46,overcast clouds
82,Provideniya,RU,2022-05-17 13:06:33,64.3833,-173.3,31.23,72,79,3.71,broken clouds
83,Kropotkin,RU,2022-05-17 13:05:27,45.4375,40.5756,64.71,66,44,14.99,light rain
84,Cabo Rojo,PR,2022-05-17 13:04:21,18.0866,-67.1457,85.89,72,25,3.0,scattered clouds
85,Olafsvik,IS,2022-05-17 13:06:34,64.8945,-23.7142,48.02,76,100,6.02,overcast clouds
86,Vrangel,RU,2022-05-17 13:06:34,42.7297,133.0839,49.39,73,0,3.83,clear sky
87,Bara,NG,2022-05-17 13:06:34,10.3744,10.7288,101.01,26,28,3.74,scattered clouds
88,Lasa,IT,2022-05-17 13:07:35,46.6166,10.7002,77.68,40,52,5.01,broken clouds
89,Rocha,UY,2022-05-17 13:07:35,-34.4833,-54.3333,56.1,93,100,19.44,moderate rain
90,Norman Wells,CA,2022-05-17 13:07:35,65.282,-126.8329,43.25,86,91,1.03,overcast clouds
91,Kahului,US,2022-05-17 13:04:44,20.8947,-156.47,74.84,64,0,4.61,clear sky
92,Baneh,IR,2022-05-17 13:07:36,35.9975,45.8853,68.5,37,1,14.61,clear sky
93,Iqaluit,CA,2022-05-17 13:07:36,63.7506,-68.5145,25.7,73,100,8.99,overcast clouds
94,Nikolskoye,RU,2022-05-17 13:07:36,59.7035,30.7861,44.87,82,100,10.31,overcast clouds
95,Henderson,US,2022-05-17 13:07:37,36.0397,-114.9819,76.82,17,0,18.41,clear sky
96,Carayao,PY,2022-05-17 13:07:37,-25.1833,-56.4,52.47,66,0,5.14,clear sky
97,Nova Odesa,UA,2022-05-17 13:07:37,47.3078,31.7851,70.92,35,88,13.13,overcast clouds
98,Neyshabur,IR,2022-05-17 13:07:38,36.2133,58.7958,82.58,22,80,16.6,broken clouds
99,Rio Grande,BR,2022-05-17 13:07:38,-32.035,-52.0986,55.51,76,100,26.55,overcast clouds
100,Talnakh,RU,2022-05-17 13:07:39,69.4865,88.3972,43.79,93,16,8.19,few clouds
101,Ibra,OM,2022-05-17 13:07:39,22.6906,58.5334,105.73,4,0,8.37,clear sky
102,Tsiroanomandidy,MG,2022-05-17 13:07:24,-18.7667,46.0333,73.36,55,100,3.91,overcast clouds
103,Tuktoyaktuk,CA,2022-05-17 13:03:23,69.4541,-133.0374,31.33,96,100,5.77,overcast clouds
104,Pevek,RU,2022-05-17 13:07:39,69.7008,170.3133,32.7,95,100,6.73,overcast clouds
105,Novyy Urengoy,RU,2022-05-17 13:07:40,66.0833,76.6333,57.63,56,99,3.51,light rain
106,Puerto Baquerizo Moreno,EC,2022-05-17 13:07:40,-0.9,-89.6,72.79,88,100,5.48,overcast clouds
107,Broken Hill,AU,2022-05-17 13:07:40,-31.95,141.4333,55.76,60,0,4.94,clear sky
108,Ahipara,NZ,2022-05-17 13:07:41,-35.1667,173.1667,66.27,93,100,15.32,overcast clouds
109,Bang Mun Nak,TH,2022-05-17 13:07:41,16.0278,100.3792,88.99,75,100,6.42,overcast clouds
110,Lorengau,PG,2022-05-17 13:07:41,-2.0226,147.2712,82.36,75,61,7.31,broken clouds
111,Albany,US,2022-05-17 13:06:27,42.6001,-73.9662,61.95,71,17,1.01,few clouds
112,Seymchan,RU,2022-05-17 13:07:42,62.8833,152.4333,37.36,75,9,8.05,clear sky
113,Faanui,PF,2022-05-17 13:07:42,-16.4833,-151.75,80.33,74,24,11.83,light rain
114,Goba,ET,2022-05-17 13:07:42,7.0167,39.9833,66.94,48,56,9.78,light rain
115,Zhicheng,CN,2022-05-17 13:07:43,30.2956,111.5047,68.67,68,100,6.26,overcast clouds
116,Flin Flon,CA,2022-05-17 13:07:43,54.7682,-101.865,41.09,60,91,5.75,overcast clouds
117,Muli,MV,2022-05-17 13:07:43,2.9167,73.5667,83.21,80,100,21.94,overcast clouds
118,Mao,ES,2022-05-17 13:05:45,39.8885,4.2658,72.16,73,0,5.75,clear sky
119,Santa Maria,BR,2022-05-17 13:03:18,-29.6842,-53.8069,46.99,77,21,14.16,few clouds
120,Dikson,RU,2022-05-17 13:07:44,73.5069,80.5464,34.18,100,100,6.38,overcast clouds
121,Mysliborz,PL,2022-05-17 13:06:26,52.9238,14.8679,73.47,51,100,6.22,overcast clouds
122,Cape Town,ZA,2022-05-17 13:03:40,-33.9258,18.4232,82.35,43,93,1.01,overcast clouds
123,Port Elizabeth,ZA,2022-05-17 13:07:12,-33.918,25.5701,81.52,39,0,7.07,clear sky
124,Constitucion,CL,2022-05-17 13:07:44,-35.3333,-72.4167,54.43,59,0,3.31,clear sky
125,Viet Tri,VN,2022-05-17 13:07:45,21.3019,105.4308,78.75,65,83,5.97,broken clouds
126,Monte Santo De Minas,BR,2022-05-17 13:07:45,-21.1897,-46.9803,56.16,76,57,7.81,broken clouds
127,Novoagansk,RU,2022-05-17 13:07:45,61.9449,76.6625,56.55,79,100,4.23,light rain
128,Dubrovytsya,UA,2022-05-17 13:07:46,51.5744,26.565,56.48,38,38,16.28,scattered clouds
129,Bayir,TR,2022-05-17 13:07:46,37.2687,28.2167,79.32,28,2,11.41,clear sky
130,Turukhansk,RU,2022-05-17 13:07:46,65.8167,87.9833,55.42,79,100,12.88,overcast clouds
131,Hasaki,JP,2022-05-17 13:07:47,35.7333,140.8333,59.29,81,100,5.55,moderate rain
132,Auki,SB,2022-05-17 13:07:47,-8.7676,160.7034,77.5,84,9,2.21,clear sky
133,Buala,SB,2022-05-17 13:08:47,-8.145,159.5921,80.37,80,31,5.06,light rain
134,Alihe,CN,2022-05-17 13:08:48,50.5667,123.7167,44.55,34,2,0.31,clear sky
135,Point Pleasant,US,2022-05-17 13:08:37,40.0832,-74.0682,69.35,60,0,10.36,clear sky
136,San Juan,AR,2022-05-17 13:08:46,-31.5375,-68.5364,45.93,43,0,5.82,clear sky
137,Deder,ET,2022-05-17 13:08:48,9.3167,41.45,78.57,19,39,6.33,scattered clouds
138,Udgir,IN,2022-05-17 13:08:49,18.3833,77.1167,89.89,36,98,16.98,overcast clouds
139,Kendari,ID,2022-05-17 13:08:49,-3.945,122.4989,78.33,89,100,3.29,overcast clouds
140,Azua,DO,2022-05-17 13:08:49,18.4532,-70.7349,74.19,61,19,3.71,few clouds
141,Kargasok,RU,2022-05-17 13:08:50,59.0556,80.8572,69.51,39,7,16.82,clear sky
142,Abha,SA,2022-05-17 13:08:50,18.2164,42.5053,82.65,3,0,13.8,clear sky
143,Buraydah,SA,2022-05-17 13:08:50,26.326,43.975,99.19,10,0,5.1,clear sky
144,Saint-Pierre,RE,2022-05-17 13:08:51,-21.3393,55.4781,76.68,61,20,19.57,few clouds
145,East London,ZA,2022-05-17 13:08:51,-33.0153,27.9116,81.34,43,0,5.7,clear sky
146,Guarabira,BR,2022-05-17 13:04:05,-6.8547,-35.49,82.42,80,46,9.91,scattered clouds
147,Hamilton,US,2022-05-17 13:08:51,39.1834,-84.5333,67.86,62,0,9.22,clear sky
148,Skegness,GB,2022-05-17 13:08:52,53.1436,0.3363,75.02,72,100,8.79,overcast clouds
149,The Valley,AI,2022-05-17 13:08:52,18.217,-63.0578,84.09,83,40,11.5,scattered clouds
150,Port Hardy,CA,2022-05-17 13:08:52,50.6996,-127.4199,42.98,87,100,6.91,light intensity shower rain
151,Bogovarovo,RU,2022-05-17 13:08:53,58.9785,47.0246,50.77,77,100,12.12,overcast clouds
152,Ternate,ID,2022-05-17 13:08:53,0.8,127.4,82.27,77,48,3.8,scattered clouds
153,Georgetown,MY,2022-05-17 13:08:53,5.4112,100.3354,85.95,74,20,2.3,few clouds
154,Zalantun,CN,2022-05-17 13:08:54,48.0,122.7167,51.33,62,9,2.13,clear sky
155,Manzhouli,CN,2022-05-17 13:08:54,49.6,117.4333,58.23,27,19,3.6,few clouds
156,Juneau,US,2022-05-17 13:08:26,58.3019,-134.4197,44.22,89,75,14.97,light rain
157,Mikuni,JP,2022-05-17 13:08:55,36.2171,136.1519,57.11,66,12,4.76,few clouds
158,Vostok,RU,2022-05-17 13:08:55,46.4856,135.8833,48.31,55,100,5.93,overcast clouds
159,Bonthe,SL,2022-05-17 13:08:55,7.5264,-12.505,84.7,71,75,8.72,broken clouds
160,Muroto,JP,2022-05-17 13:08:56,33.2833,134.15,65.17,68,100,4.85,overcast clouds
161,Kruisfontein,ZA,2022-05-17 13:08:56,-34.0033,24.7314,87.75,16,0,3.58,clear sky
162,Jumla,NP,2022-05-17 13:08:56,29.2747,82.1838,55.94,83,99,0.43,overcast clouds
163,Vicksburg,US,2022-05-17 13:05:04,32.3526,-90.8779,74.88,83,20,3.44,few clouds
164,Sioux Lookout,CA,2022-05-17 13:08:57,50.1001,-91.917,42.78,60,6,1.52,clear sky
165,Agirish,RU,2022-05-17 13:08:57,61.9247,63.0231,56.91,53,86,8.32,overcast clouds
166,Desaguadero,PE,2022-05-17 13:08:57,-16.5656,-69.0417,44.53,38,22,1.72,few clouds
167,Masterton,NZ,2022-05-17 13:08:58,-40.9597,175.6575,59.88,93,53,4.09,broken clouds
168,Taft,IR,2022-05-17 13:08:58,31.7471,54.2088,91.85,5,3,11.21,clear sky
169,San Patricio,US,2022-05-17 13:08:58,28.017,-97.5169,79.86,86,11,8.39,few clouds
170,Jiuquan,CN,2022-05-17 13:08:59,39.7432,98.5174,68.94,5,100,2.17,overcast clouds
171,Sao Jose Da Coroa Grande,BR,2022-05-17 13:08:59,-8.8978,-35.1478,83.03,75,100,8.93,overcast clouds
172,Nioro,GM,2022-05-17 13:08:59,13.35,-15.75,101.28,21,42,6.93,scattered clouds
173,Uusikaupunki,FI,2022-05-17 13:09:00,60.8004,21.4084,43.92,66,78,16.13,broken clouds
174,La Asuncion,VE,2022-05-17 13:09:00,11.0333,-63.8628,81.64,74,96,14.47,overcast clouds
175,Coihaique,CL,2022-05-17 13:09:00,-45.5752,-72.0662,24.75,93,75,0.0,mist
176,Bakel,SN,2022-05-17 13:09:01,14.905,-12.4568,105.48,7,6,2.89,clear sky
177,Petropavlovsk-Kamchatskiy,RU,2022-05-17 13:04:30,53.0452,158.6483,38.57,85,5,6.55,clear sky
178,Acaponeta,MX,2022-05-17 13:09:01,22.4964,-105.3594,73.33,70,100,2.62,overcast clouds
179,Cherskiy,RU,2022-05-17 13:09:01,68.75,161.3,33.93,99,100,3.78,overcast clouds
180,Thompson,CA,2022-05-17 13:09:02,55.7435,-97.8558,38.66,64,14,4.9,few clouds
181,Husavik,IS,2022-05-17 13:10:02,66.0449,-17.3389,56.77,37,8,18.07,clear sky
182,Emporia,US,2022-05-17 13:10:03,38.4039,-96.1817,64.6,72,0,6.91,clear sky
183,Stokmarknes,NO,2022-05-17 13:10:03,68.5646,14.9108,35.58,93,75,5.75,light intensity drizzle rain
184,Kurumkan,RU,2022-05-17 13:10:03,54.3,110.3,53.76,68,88,7.2,overcast clouds
185,Poso,ID,2022-05-17 13:10:04,-1.3959,120.7524,78.93,89,100,0.89,overcast clouds
186,Jacqueville,CI,2022-05-17 13:10:04,5.2052,-4.4146,82.96,77,90,9.15,overcast clouds
187,Lebu,CL,2022-05-17 13:10:04,-37.6167,-73.65,51.26,57,24,4.45,few clouds
188,Todos Santos,MX,2022-05-17 13:08:31,23.45,-110.2167,63.66,89,27,3.78,scattered clouds
189,Mahebourg,MU,2022-05-17 13:10:05,-20.4081,57.7,75.49,73,75,16.11,broken clouds
190,Hermosillo,MX,2022-05-17 13:08:29,29.0667,-110.9667,77.85,35,0,8.05,clear sky
191,Tezu,IN,2022-05-17 13:05:21,27.9167,96.1667,70.95,97,100,5.68,light rain
192,Sistranda,NO,2022-05-17 13:10:05,63.7256,8.834,57.16,66,14,14.85,few clouds
193,Homer,US,2022-05-17 13:07:30,59.6425,-151.5483,47.05,78,20,5.75,few clouds
194,Anchorage,US,2022-05-17 13:06:39,61.2181,-149.9003,46.65,72,40,8.01,scattered clouds
195,Kletskaya,RU,2022-05-17 13:10:06,49.3145,43.0584,59.95,37,97,19.66,overcast clouds
196,Puerto Ayora,EC,2022-05-17 13:10:06,-0.7393,-90.3518,72.55,97,100,4.12,overcast clouds
197,Kadoma,JP,2022-05-17 13:10:06,34.7333,135.5833,63.18,55,100,6.8,overcast clouds
198,Saint-Philippe,RE,2022-05-17 13:10:07,-21.3585,55.7679,76.59,79,74,14.14,light rain
199,Vanavara,RU,2022-05-17 13:10:07,60.34,102.2797,60.93,49,80,6.11,broken clouds
200,Leningradskiy,RU,2022-05-17 13:10:08,69.3833,178.4167,23.68,96,100,8.46,overcast clouds
201,At-Bashi,KG,2022-05-17 13:10:08,41.1702,75.8106,62.8,28,8,13.06,clear sky
202,Ampanihy,MG,2022-05-17 13:10:08,-24.7,44.75,79.18,38,0,13.18,clear sky
203,Ishinomaki,JP,2022-05-17 13:10:09,38.4167,141.3,56.17,86,100,2.48,overcast clouds
204,Salinas,US,2022-05-17 13:10:09,36.6777,-121.6555,53.69,78,100,8.05,overcast clouds
205,Cabo San Lucas,MX,2022-05-17 13:05:25,22.8909,-109.9124,75.51,62,20,14.97,few clouds
206,Sinop,TR,2022-05-17 13:10:09,41.7711,34.8709,59.43,53,6,7.2,clear sky
207,Corner Brook,CA,2022-05-17 13:10:10,48.9667,-57.9484,45.7,80,100,7.78,overcast clouds
208,Mahibadhoo,MV,2022-05-17 13:10:10,3.7833,72.9667,83.01,81,100,23.62,overcast clouds
209,Namatanai,PG,2022-05-17 13:10:10,-3.6667,152.4333,79.75,80,41,4.56,scattered clouds
210,Ilulissat,GL,2022-05-17 13:10:11,69.2167,-51.1,28.42,69,75,0.0,broken clouds
211,Ust-Nera,RU,2022-05-17 13:10:11,64.5667,143.2,30.74,93,100,2.53,overcast clouds
212,Poum,NC,2022-05-17 13:10:11,-20.2333,164.0167,77.09,78,48,12.64,scattered clouds
213,Bengkulu,ID,2022-05-17 13:10:12,-3.8004,102.2655,80.06,83,96,6.69,overcast clouds
214,Brae,GB,2022-05-17 13:10:12,60.3964,-1.353,53.58,79,4,21.94,clear sky
215,Bethel,US,2022-05-17 13:10:12,41.3712,-73.414,64.45,72,0,9.22,clear sky
216,Kaitangata,NZ,2022-05-17 13:10:13,-46.2817,169.8464,47.77,88,98,5.14,overcast clouds
217,Krasnoselkup,RU,2022-05-17 13:10:16,65.7,82.4667,52.75,85,100,4.83,overcast clouds
218,Ancud,CL,2022-05-17 13:10:17,-41.8697,-73.8203,44.01,72,100,8.88,overcast clouds
219,Broome,US,2022-05-17 13:10:17,42.2506,-75.833,59.7,74,100,12.66,overcast clouds
220,Kiruna,SE,2022-05-17 13:10:17,67.8557,20.2251,36.52,60,100,4.61,overcast clouds
221,Luderitz,NA,2022-05-17 13:10:18,-26.6481,15.1594,77.52,38,1,19.62,clear sky
222,Margate,GB,2022-05-17 13:10:18,51.3813,1.3862,74.1,78,33,8.81,scattered clouds
223,Mar Del Plata,AR,2022-05-17 13:09:10,-38.0023,-57.5575,55.94,77,100,23.02,light rain
224,Mahajanga,MG,2022-05-17 13:10:18,-15.7167,46.3167,89.62,43,40,9.22,scattered clouds
225,Saint-Joseph,RE,2022-05-17 13:10:19,-21.3667,55.6167,75.58,76,42,15.19,light rain
226,Bose,IT,2022-05-17 13:10:19,45.4612,8.0137,84.24,50,100,4.21,overcast clouds
227,Vieques,PR,2022-05-17 13:11:19,18.425,-65.8329,84.85,74,20,13.8,few clouds
228,Salinopolis,BR,2022-05-17 13:11:20,-0.6136,-47.3561,83.98,73,66,11.45,broken clouds
229,Ozinki,RU,2022-05-17 13:11:20,51.1786,49.6769,56.84,57,93,13.58,light rain
230,Grand-Santi,GF,2022-05-17 13:11:20,4.25,-54.3833,81.03,81,100,3.51,overcast clouds
231,Fairbanks,US,2022-05-17 13:10:02,64.8378,-147.7164,37.09,88,75,0.0,broken clouds
232,Tuatapere,NZ,2022-05-17 13:11:21,-46.1333,167.6833,47.17,89,56,5.55,broken clouds
233,Abu Samrah,SY,2022-05-17 13:11:21,35.3029,37.1841,84.4,24,1,15.05,clear sky
234,Sao Filipe,CV,2022-05-17 13:11:22,14.8961,-24.4956,81.61,53,50,8.5,scattered clouds
235,Bay City,US,2022-05-17 13:11:22,43.5945,-83.8889,53.92,64,0,10.36,clear sky
236,Hammerfest,NO,2022-05-17 13:11:22,70.6634,23.6821,36.05,93,100,18.41,light intensity drizzle
237,Dolinsk,RU,2022-05-17 13:11:23,47.35,142.8,45.63,91,0,8.43,clear sky
238,Lebedinyy,RU,2022-05-17 13:11:23,58.5167,125.5167,29.91,92,64,8.68,broken clouds
239,Bouna,CI,2022-05-17 13:11:23,9.2667,-3.0,103.15,25,98,4.54,overcast clouds
240,Acarau,BR,2022-05-17 13:11:24,-2.8856,-40.12,83.77,72,70,13.31,broken clouds
241,Airai,TL,2022-05-17 13:11:24,-8.9266,125.4092,60.75,90,97,2.66,overcast clouds
242,Ko Samui,TH,2022-05-17 13:11:28,9.5357,99.9357,83.53,75,100,10.98,overcast clouds
243,Atar,MR,2022-05-17 13:11:29,20.5169,-13.0499,106.72,7,45,15.17,scattered clouds
244,Shellbrook,CA,2022-05-17 13:11:29,53.2168,-106.4011,42.24,89,100,10.51,overcast clouds
245,Thung Song,TH,2022-05-17 13:11:29,8.1645,99.6804,76.84,95,100,3.56,light rain
246,Sibolga,ID,2022-05-17 13:11:30,1.7427,98.7792,78.3,82,100,3.49,overcast clouds
247,Longyearbyen,SJ,2022-05-17 13:11:30,78.2186,15.6401,30.04,69,75,6.91,broken clouds
248,Schramberg,DE,2022-05-17 13:11:31,48.224,8.3858,77.65,50,100,4.07,overcast clouds
249,Isangel,VU,2022-05-17 13:11:31,-19.55,169.2667,76.24,81,87,13.44,overcast clouds
250,Pacific Grove,US,2022-05-17 13:11:31,36.6177,-121.9166,53.28,89,37,5.01,scattered clouds
251,Kapit,MY,2022-05-17 13:11:32,2.0167,112.9333,76.42,88,100,1.88,overcast clouds
252,Redlands,US,2022-05-17 13:11:32,34.0556,-117.1825,63.93,84,75,6.91,broken clouds
253,Concordia,AR,2022-05-17 13:11:32,-31.393,-58.0209,50.07,87,100,16.11,overcast clouds
254,Okhotsk,RU,2022-05-17 13:11:33,59.3833,143.3,32.49,98,100,6.62,overcast clouds
255,Yar-Sale,RU,2022-05-17 13:11:33,66.8333,70.8333,36.03,98,100,11.05,overcast clouds
256,Acapulco,MX,2022-05-17 13:11:33,16.8634,-99.8901,73.22,73,20,0.0,few clouds
257,Manacapuru,BR,2022-05-17 13:11:34,-3.2997,-60.6206,76.95,94,100,6.91,overcast clouds
258,Ponta Delgada,PT,2022-05-17 13:11:34,37.7333,-25.6667,66.51,59,20,24.16,few clouds
259,Mackenzie,CA,2022-05-17 13:11:34,55.2999,-123.1698,31.1,82,6,3.15,clear sky
260,Ranong,TH,2022-05-17 13:11:35,9.9658,98.6348,78.82,91,100,10.27,overcast clouds
261,Laguna,US,2022-05-17 13:11:35,38.421,-121.4238,56.79,83,0,3.44,clear sky
262,Tari,NG,2022-05-17 13:11:35,12.4086,4.4914,104.34,15,97,6.02,overcast clouds
263,Ponta Do Sol,PT,2022-05-17 13:11:36,32.6667,-17.1,78.71,71,9,4.92,clear sky
264,Katherine,AU,2022-05-17 13:11:36,-14.4667,132.2667,80.92,47,6,6.91,clear sky
265,Derzhavinsk,KZ,2022-05-17 13:11:36,51.1,66.3167,66.04,43,89,11.1,overcast clouds
266,Sharan,RU,2022-05-17 13:11:37,54.8167,54.0,54.91,72,75,14.2,light rain
267,Itarema,BR,2022-05-17 13:08:09,-2.9248,-39.9167,83.75,73,82,13.18,broken clouds
268,Gayeri,BF,2022-05-17 13:11:37,12.6497,0.4931,105.03,16,100,2.04,overcast clouds
269,Lavrentiya,RU,2022-05-17 13:11:37,65.5833,-171.0,18.82,88,100,3.76,overcast clouds
270,Khatanga,RU,2022-05-17 13:11:38,71.9667,102.5,35.11,91,100,12.95,overcast clouds
271,Ribeira Grande,PT,2022-05-17 13:11:38,38.5167,-28.7,63.0,67,40,28.77,scattered clouds
272,Alofi,NU,2022-05-17 13:11:39,-19.0595,-169.9187,77.07,68,57,19.48,broken clouds
273,Gornopravdinsk,RU,2022-05-17 13:12:39,60.05,69.9,64.11,48,91,3.36,overcast clouds
274,Dingle,PH,2022-05-17 13:12:39,10.9995,122.6711,78.57,88,100,3.51,overcast clouds
275,Lazaro Cardenas,MX,2022-05-17 13:12:40,17.9583,-102.2,74.73,76,28,4.07,scattered clouds
276,Namibe,AO,2022-05-17 13:12:40,-15.1961,12.1522,78.69,57,1,10.16,clear sky
277,Zhezkazgan,KZ,2022-05-17 13:12:40,47.8043,67.7144,78.78,27,75,13.42,light rain
278,Cozumel,MX,2022-05-17 13:12:41,20.5083,-86.9458,78.94,79,40,10.36,scattered clouds
279,Troitsko-Pechorsk,RU,2022-05-17 13:12:41,62.7084,56.1964,45.21,69,99,9.66,overcast clouds
280,Biak,ID,2022-05-17 13:12:41,-0.9131,122.8766,78.48,85,93,1.59,overcast clouds
281,Namuac,PH,2022-05-17 13:12:42,18.6109,121.1657,77.07,92,100,7.83,overcast clouds
282,Glinka,RU,2022-05-17 13:12:42,54.6404,32.8781,52.05,53,100,11.14,overcast clouds
283,Nchelenge,ZM,2022-05-17 13:12:42,-9.3451,28.734,80.33,46,19,4.88,few clouds
284,Porto Novo,BJ,2022-05-17 13:12:43,6.4965,2.6036,89.47,60,98,8.86,overcast clouds
285,Yanam,IN,2022-05-17 13:12:43,16.7333,82.2167,85.42,78,100,6.38,overcast clouds
286,Vao,NC,2022-05-17 13:12:43,-22.6667,167.4833,74.46,77,42,15.3,scattered clouds
287,Lancaster,US,2022-05-17 13:08:59,40.2504,-76.2499,67.28,66,0,12.66,clear sky
288,Campana,AR,2022-05-17 13:12:44,-34.1687,-58.9591,52.93,79,100,16.78,overcast clouds
289,Havelock,US,2022-05-17 13:09:44,34.8791,-76.9013,73.4,75,0,8.05,clear sky
290,Flinders,AU,2022-05-17 13:12:44,-34.5833,150.8552,55.06,69,0,4.0,clear sky
291,Fortuna,US,2022-05-17 13:12:45,40.5982,-124.1573,51.66,88,100,10.36,overcast clouds
292,Guerrero Negro,MX,2022-05-17 13:12:45,27.9769,-114.0611,60.42,81,100,16.28,overcast clouds
293,Lakatoro,VU,2022-05-17 13:12:45,-16.0999,167.4164,78.39,85,88,11.83,overcast clouds
294,Iroquois,US,2022-05-17 13:12:46,40.7506,-87.8334,60.06,60,39,4.0,scattered clouds
295,Esperance,AU,2022-05-17 13:12:46,-33.8667,121.9,61.05,70,0,18.12,clear sky
296,Arlit,NE,2022-05-17 13:12:47,18.7369,7.3853,103.35,6,0,19.84,clear sky
297,Faya,SA,2022-05-17 13:12:47,18.3851,42.4509,82.92,8,3,13.31,clear sky
298,Russell,US,2022-05-17 13:12:48,32.3502,-85.1999,72.97,73,0,0.0,clear sky
299,Khani,GE,2022-05-17 13:12:48,41.9563,42.9566,65.77,63,95,6.26,overcast clouds
300,Sampit,ID,2022-05-17 13:12:49,-2.5333,112.95,74.3,99,98,1.43,overcast clouds
301,Kupang,ID,2022-05-17 13:12:49,-10.1667,123.5833,79.68,77,41,10.56,scattered clouds
302,Vagay,RU,2022-05-17 13:12:50,57.9375,69.0217,59.67,73,96,5.79,light rain
303,Lakes Entrance,AU,2022-05-17 13:12:50,-37.8811,147.981,44.17,66,14,10.07,few clouds
304,Taguatinga,BR,2022-05-17 13:12:51,-12.3857,-46.5711,88.03,40,93,2.3,overcast clouds
305,Natal,BR,2022-05-17 13:12:51,-5.795,-35.2094,84.85,84,75,10.36,broken clouds
306,Tomatlan,MX,2022-05-17 13:12:52,19.9333,-105.25,71.06,73,100,2.46,overcast clouds
307,Port Lincoln,AU,2022-05-17 13:12:52,-34.7333,135.8667,56.84,71,1,7.02,clear sky
308,Macae,BR,2022-05-17 13:12:53,-22.3708,-41.7869,74.34,74,11,2.68,few clouds
309,Tura,IN,2022-05-17 13:12:54,25.5198,90.2201,76.33,92,10,6.55,clear sky
310,Bacolod,PH,2022-05-17 13:12:54,10.6667,122.95,79.41,86,100,4.54,overcast clouds
311,Batemans Bay,AU,2022-05-17 13:10:39,-35.7167,150.1833,48.4,77,0,6.51,clear sky
312,Nova Olinda Do Norte,BR,2022-05-17 13:12:55,-3.8881,-59.0942,77.41,93,100,4.56,overcast clouds
313,Sangar,RU,2022-05-17 13:12:55,63.9242,127.4739,34.0,98,100,1.95,overcast clouds
314,Inirida,CO,2022-05-17 13:12:56,3.8653,-67.9239,78.24,89,100,2.55,overcast clouds
315,Acajutla,SV,2022-05-17 13:12:56,13.5928,-89.8275,81.57,72,100,4.59,overcast clouds
316,Pisco,PE,2022-05-17 13:13:57,-13.7,-76.2167,62.02,94,75,3.44,mist
317,Qaqortoq,GL,2022-05-17 13:13:57,60.7167,-46.0333,42.71,77,34,2.64,scattered clouds
318,Tutoia,BR,2022-05-17 13:13:57,-2.7619,-42.2744,84.9,66,17,9.82,few clouds
319,Yulara,AU,2022-05-17 13:13:58,-25.2406,130.9889,67.24,34,100,2.71,overcast clouds
320,Berlevag,NO,2022-05-17 13:13:58,70.8578,29.0864,37.2,93,100,14.97,overcast clouds
321,Katsuura,JP,2022-05-17 13:11:30,35.1333,140.3,60.67,83,100,3.38,light rain
322,Mitsamiouli,KM,2022-05-17 13:13:58,-11.3847,43.2844,81.16,66,11,3.78,light rain
323,San Pedro,PH,2022-05-17 13:13:59,14.35,121.0167,78.31,94,100,1.14,light rain
324,Adrar,MR,2022-05-17 13:13:59,20.5022,-10.0711,102.58,6,12,15.21,few clouds
325,Oktyabrskoye,RU,2022-05-17 13:13:59,43.0645,44.7417,66.34,45,40,6.71,scattered clouds
326,Torbay,CA,2022-05-17 13:14:00,47.6666,-52.7314,47.28,83,99,4.0,overcast clouds
327,Kasulu,TZ,2022-05-17 13:14:00,-4.5767,30.1025,72.21,72,100,5.79,light rain
328,Viedma,AR,2022-05-17 13:14:01,-40.8135,-62.9967,47.84,70,1,4.21,clear sky
329,Marystown,CA,2022-05-17 13:14:01,47.1666,-55.1483,46.85,100,100,7.0,overcast clouds
330,Irbil,IQ,2022-05-17 13:11:36,36.1926,44.0106,85.73,22,0,10.63,clear sky
331,Whitecourt,CA,2022-05-17 13:10:58,54.1502,-115.6855,40.59,79,100,8.1,overcast clouds
332,Tifton,US,2022-05-17 13:14:02,31.4505,-83.5085,75.16,64,0,5.75,clear sky
333,Saint-Francois,FR,2022-05-17 13:14:02,46.4154,3.9054,84.67,44,0,8.05,clear sky
334,Rajnagar,IN,2022-05-17 13:14:03,24.8833,79.9167,105.3,6,5,11.59,clear sky
335,Kununurra,AU,2022-05-17 13:09:47,-15.7667,128.7333,75.18,64,5,1.14,clear sky
336,Mbandaka,CD,2022-05-17 13:14:03,0.0487,18.2603,87.3,52,86,1.48,overcast clouds
337,Mahendranagar,NP,2022-05-17 13:14:04,28.9167,80.3333,93.74,25,67,9.22,broken clouds
338,Mancio Lima,BR,2022-05-17 13:14:04,-7.6142,-72.8958,67.86,99,100,6.06,light rain
339,Saravan,AM,2022-05-17 13:14:05,39.7196,45.6483,59.92,49,13,8.48,few clouds
340,Calvinia,ZA,2022-05-17 13:14:06,-31.4707,19.776,79.97,20,0,19.28,clear sky
341,Skibbereen,IE,2022-05-17 13:14:08,51.55,-9.2667,58.1,81,100,16.69,overcast clouds
342,Romny,UA,2022-05-17 13:14:08,50.751,33.4747,56.53,59,92,13.09,light rain
343,Shangzhi,CN,2022-05-17 13:14:09,45.2167,127.9667,47.75,93,59,4.16,broken clouds
344,Graaff-Reinet,ZA,2022-05-17 13:14:09,-32.2522,24.5308,80.92,25,0,11.03,clear sky
345,Saint Anthony,US,2022-05-17 13:14:10,45.0205,-93.218,56.97,61,0,10.36,clear sky
346,Zhigansk,RU,2022-05-17 13:14:10,66.7697,123.3711,25.36,91,100,4.14,overcast clouds
347,Thinadhoo,MV,2022-05-17 13:14:11,0.5333,72.9333,84.45,78,96,17.92,overcast clouds
348,Tilichiki,RU,2022-05-17 13:14:11,60.4667,166.1,31.95,100,100,0.6,snow
349,Vysokogornyy,RU,2022-05-17 13:14:12,50.1167,139.15,40.32,74,100,3.58,overcast clouds
350,Moyale,KE,2022-05-17 13:14:12,3.5167,39.0584,77.07,52,100,9.71,overcast clouds
351,Bambous Virieux,MU,2022-05-17 13:14:12,-20.3428,57.7575,75.45,73,75,16.11,light rain
352,Poya,NC,2022-05-17 13:14:13,-21.35,165.15,72.57,88,11,4.85,few clouds
353,Camapua,BR,2022-05-17 13:14:13,-19.5314,-54.0439,57.69,42,5,10.65,clear sky
354,Eregli,TR,2022-05-17 13:14:14,37.5133,34.0467,68.05,40,96,1.81,overcast clouds
355,Puerto Colombia,CO,2022-05-17 13:14:14,10.9878,-74.9547,84.29,80,100,5.41,overcast clouds
356,Keuruu,FI,2022-05-17 13:14:15,62.2667,24.7,46.58,82,100,9.22,overcast clouds
357,Mayo,US,2022-05-17 13:14:15,38.8876,-76.5119,71.71,63,0,12.66,clear sky
358,Solnechnyy,RU,2022-05-17 13:14:16,50.7214,136.6319,43.32,84,100,4.74,overcast clouds
359,Pucallpa,PE,2022-05-17 13:14:17,-8.3791,-74.5539,71.64,88,75,18.41,broken clouds
360,Sinnar,SD,2022-05-17 13:14:17,13.5691,33.5672,104.94,17,0,9.57,clear sky
361,Belmonte,BR,2022-05-17 13:14:18,-15.8631,-38.8828,82.17,69,0,6.62,clear sky
362,Beaupre,CA,2022-05-17 13:15:18,47.0443,-70.8953,53.98,94,100,4.61,overcast clouds
363,Kavieng,PG,2022-05-17 13:15:18,-2.5744,150.7967,82.33,76,48,7.61,scattered clouds
364,Kharan,PK,2022-05-17 13:15:19,28.5833,65.4167,102.18,3,0,6.69,clear sky
365,Macaubas,BR,2022-05-17 13:15:19,-13.0194,-42.6986,88.59,39,8,1.86,clear sky
366,Kabo,CF,2022-05-17 13:15:19,7.6994,18.629,93.24,40,100,0.94,light rain
367,Marsh Harbour,BS,2022-05-17 13:13:40,26.5412,-77.0636,76.77,80,0,3.15,clear sky
368,Kingman,US,2022-05-17 13:15:20,35.1894,-114.053,69.89,22,0,11.5,clear sky
369,Tolaga Bay,NZ,2022-05-17 13:15:20,-38.3667,178.3,65.82,78,100,13.38,overcast clouds
370,Coxim,BR,2022-05-17 13:15:20,-18.5067,-54.76,63.9,38,0,8.84,clear sky
371,Kloulklubed,PW,2022-05-17 13:15:21,7.0419,134.2556,79.3,75,5,18.97,clear sky
372,Travnik,BA,2022-05-17 13:13:01,44.2267,17.6706,64.78,84,99,2.57,heavy intensity rain
373,Vestmannaeyjar,IS,2022-05-17 13:15:21,63.4427,-20.2734,50.99,76,75,28.77,broken clouds
374,Egvekinot,RU,2022-05-17 13:15:21,66.3167,-179.1667,24.87,98,100,5.08,overcast clouds
375,Panalingaan,PH,2022-05-17 13:15:22,8.7842,117.4231,77.52,88,100,4.36,overcast clouds
376,Iberia,US,2022-05-17 13:11:47,29.9502,-91.7507,80.06,89,20,3.44,few clouds
377,Envira,BR,2022-05-17 13:11:20,-7.3,-70.2167,67.8,99,100,5.79,overcast clouds
378,Narsaq,GL,2022-05-17 13:15:22,60.9167,-46.05,53.82,70,31,0.6,scattered clouds
379,Meulaboh,ID,2022-05-17 13:15:23,4.1363,96.1285,80.85,80,48,2.89,scattered clouds
380,Nome,US,2022-05-17 13:15:23,64.5011,-165.4064,28.47,70,0,3.44,clear sky
381,Male,MV,2022-05-17 13:15:23,4.1748,73.5089,82.89,80,100,24.27,moderate rain
382,Semporna,MY,2022-05-17 13:15:24,4.4818,118.6112,79.83,83,100,1.79,light rain
383,Ginda,IN,2022-05-17 13:15:24,30.6945,78.4932,63.7,70,99,8.16,overcast clouds
384,Lagoa,PT,2022-05-17 13:15:24,39.05,-27.9833,57.2,74,100,30.91,light rain
385,Baykit,RU,2022-05-17 13:15:25,61.67,96.37,58.15,78,100,4.0,overcast clouds
386,Coro,VE,2022-05-17 13:15:25,11.4045,-69.6734,83.1,71,95,15.84,overcast clouds
387,Camopi,GF,2022-05-17 13:15:25,3.1655,-52.3158,79.79,90,100,2.8,overcast clouds
388,Saint-Augustin,CA,2022-05-17 13:15:26,51.226,-58.6502,35.8,91,100,18.05,overcast clouds
389,Boa Vista,BR,2022-05-17 13:15:26,2.8197,-60.6733,80.58,83,75,6.91,light rain
390,Taltal,CL,2022-05-17 13:15:26,-25.4,-70.4833,62.56,63,53,2.66,broken clouds
391,Kenai,US,2022-05-17 13:15:27,60.5544,-151.2583,44.65,73,100,3.44,overcast clouds
392,Funtua,NG,2022-05-17 13:15:27,11.5233,7.3081,99.0,9,100,10.31,overcast clouds
393,Scunthorpe,GB,2022-05-17 13:15:27,53.579,-0.6544,73.67,64,100,5.99,overcast clouds
394,Padang,ID,2022-05-17 13:15:28,-0.9492,100.3543,79.79,84,100,2.13,overcast clouds
395,Lucea,JM,2022-05-17 13:15:28,18.451,-78.1736,82.85,73,79,2.57,broken clouds
396,Punto Fijo,VE,2022-05-17 13:15:29,11.6956,-70.1996,81.63,76,83,27.31,broken clouds
397,Baiyin,CN,2022-05-17 13:15:29,36.5583,104.2081,67.91,25,100,14.41,overcast clouds
398,Praia Da Vitoria,PT,2022-05-17 13:15:29,38.7333,-27.0667,62.85,77,40,24.27,light intensity shower rain
399,Mawlaik,MM,2022-05-17 13:15:30,23.6333,94.4167,80.91,81,49,1.52,scattered clouds
400,Bandarbeyla,SO,2022-05-17 13:15:30,9.4942,50.8122,89.55,55,14,28.39,few clouds
401,Chute-Aux-Outardes,CA,2022-05-17 13:15:30,49.1168,-68.399,44.58,93,100,13.8,overcast clouds
402,Kang,BW,2022-05-17 13:11:23,-23.6752,22.7876,72.99,29,4,9.57,clear sky
403,Fort Nelson,CA,2022-05-17 13:10:55,58.8053,-122.7002,38.79,100,75,4.61,broken clouds
404,Raga,SS,2022-05-17 13:15:31,8.4596,25.678,95.0,33,100,4.61,overcast clouds
405,Pitimbu,BR,2022-05-17 13:15:31,-7.4706,-34.8086,84.79,78,38,12.86,scattered clouds
406,Vila Franca Do Campo,PT,2022-05-17 13:15:31,37.7167,-25.4333,66.2,67,87,18.68,light rain
407,Port-Gentil,GA,2022-05-17 13:15:32,-0.7193,8.7815,80.44,77,100,6.35,light rain
408,Lovozero,RU,2022-05-17 13:15:32,68.005,35.0117,38.37,62,100,14.32,overcast clouds
409,Aljezur,PT,2022-05-17 13:15:32,37.3191,-8.8033,75.74,54,52,9.69,broken clouds
410,Harper,LR,2022-05-17 13:16:33,4.375,-7.7169,83.05,76,100,7.67,light rain
411,Tawau,MY,2022-05-17 13:16:38,4.2498,117.8871,77.13,80,100,1.34,overcast clouds
412,Roald,NO,2022-05-17 13:16:38,62.5833,6.1333,67.12,39,0,4.61,clear sky
413,Havelian,PK,2022-05-17 13:16:39,34.0536,73.1657,94.17,14,10,13.94,clear sky
414,Koumac,NC,2022-05-17 13:16:39,-20.5667,164.2833,74.8,82,60,4.65,broken clouds
415,Leopold,AU,2022-05-17 13:16:39,-38.1833,144.4667,53.65,76,100,12.66,overcast clouds
416,Woodward,US,2022-05-17 13:16:40,36.4337,-99.3904,74.43,68,40,9.22,scattered clouds
417,Barabai,ID,2022-05-17 13:16:40,-2.5833,115.3833,75.33,98,100,0.92,overcast clouds
418,Kaili,ID,2022-05-17 13:16:40,-3.4626,120.2147,67.48,96,100,4.18,overcast clouds
419,Prince Rupert,CA,2022-05-17 13:16:41,54.3161,-130.3201,44.29,85,100,24.16,light rain
420,Vila,PT,2022-05-17 13:16:41,42.0304,-8.1588,54.48,97,100,6.4,overcast clouds
421,Nuevo Progreso,MX,2022-05-17 13:16:41,23.1667,-97.95,77.54,86,42,8.75,scattered clouds
422,Linxia,CN,2022-05-17 13:16:42,35.6003,103.2064,59.23,51,100,11.27,overcast clouds
423,Eyl,SO,2022-05-17 13:16:42,7.9803,49.8164,91.42,50,57,26.66,broken clouds
424,Ayagoz,KZ,2022-05-17 13:16:43,47.9714,80.4392,75.11,35,16,2.39,few clouds
425,Akdepe,TM,2022-05-17 13:16:43,42.0551,59.3788,84.29,29,63,13.73,broken clouds
426,Porto Walter,BR,2022-05-17 13:16:44,-8.2686,-72.7439,66.88,99,100,4.25,overcast clouds
427,Ritchie,ZA,2022-05-17 13:16:44,-29.038,24.6028,74.41,30,0,5.26,clear sky
428,Kashin,RU,2022-05-17 13:16:44,57.3592,37.6081,56.93,56,33,15.77,scattered clouds
429,Alice Springs,AU,2022-05-17 13:12:04,-23.7,133.8833,63.95,39,96,5.75,overcast clouds
430,Magistralnyy,RU,2022-05-17 13:16:45,56.1725,107.4458,53.82,84,96,5.68,overcast clouds
431,Korhogo,CI,2022-05-17 13:16:45,9.45,-5.6333,101.86,26,34,4.92,scattered clouds
432,Byron Bay,AU,2022-05-17 13:13:15,-28.65,153.6167,65.71,87,100,5.28,overcast clouds
433,Rodez,FR,2022-05-17 13:16:45,44.5,2.5833,84.51,36,0,6.91,clear sky
434,Oriximina,BR,2022-05-17 13:16:46,-1.7656,-55.8661,79.63,88,99,3.8,overcast clouds
435,Simao,CN,2022-05-17 13:13:23,22.7886,100.9748,64.74,96,98,3.0,overcast clouds
436,Bilma,NE,2022-05-17 13:16:46,18.6853,12.9164,100.36,9,0,4.54,clear sky
437,Lima,PE,2022-05-17 13:15:24,-12.0432,-77.0282,59.25,94,75,4.61,mist
438,Surt,LY,2022-05-17 13:16:47,31.2089,16.5887,74.28,58,1,13.49,clear sky
439,Los Llanos De Aridane,ES,2022-05-17 13:12:07,28.6585,-17.9182,71.35,85,75,6.91,broken clouds
440,High Level,CA,2022-05-17 13:16:47,58.5169,-117.136,46.51,93,75,5.75,broken clouds
441,Shenkursk,RU,2022-05-17 13:16:47,62.1091,42.896,50.99,43,60,11.54,broken clouds
442,Salalah,OM,2022-05-17 13:11:54,17.0151,54.0924,89.69,66,10,12.66,clear sky
443,Amapa,BR,2022-05-17 13:16:48,1.0,-52.0,80.69,82,97,2.37,overcast clouds
444,Saint-Denis,FR,2022-05-17 13:16:48,48.9167,2.3333,84.24,41,0,5.75,clear sky
445,Cockburn Town,TC,2022-05-17 13:16:48,21.4612,-71.1419,79.41,87,66,18.52,broken clouds
446,Hay River,CA,2022-05-17 13:12:22,60.8156,-115.7999,42.6,67,97,11.12,overcast clouds
447,Thunder Bay,CA,2022-05-17 13:11:52,48.4001,-89.3168,44.98,61,29,4.74,scattered clouds
448,Inuvik,CA,2022-05-17 13:16:49,68.3499,-133.7218,29.16,93,100,8.05,light snow
449,Valverde Del Camino,ES,2022-05-17 13:16:49,37.5751,-6.7543,81.03,24,22,6.46,few clouds
450,Safford,US,2022-05-17 13:16:49,32.834,-109.7076,65.32,15,0,4.61,clear sky
451,Pacifica,US,2022-05-17 13:16:41,37.6138,-122.4869,52.93,91,20,16.11,mist
452,Codrington,AU,2022-05-17 13:16:50,-38.2667,141.9667,53.82,80,99,18.61,light rain
453,That Phanom,TH,2022-05-17 13:16:50,16.9364,104.7104,75.74,74,100,9.06,overcast clouds
454,Odienne,CI,2022-05-17 13:16:50,9.51,-7.5692,100.27,27,100,5.7,overcast clouds
455,Aguimes,ES,2022-05-17 13:16:51,27.9054,-15.4461,73.65,60,20,27.63,few clouds
456,Camacha,PT,2022-05-17 13:16:51,33.0833,-16.3333,67.42,78,20,9.22,few clouds
457,Tabas,IR,2022-05-17 13:17:52,33.5959,56.9244,97.18,5,100,15.9,overcast clouds
458,Saint-Louis,SN,2022-05-17 13:17:52,16.3333,-15.0,111.56,5,93,19.01,overcast clouds
459,Jizan,SA,2022-05-17 13:17:52,17.3333,42.6667,92.34,30,1,13.65,clear sky
460,Boda,CF,2022-05-17 13:17:53,4.3189,17.4695,91.83,44,35,1.39,scattered clouds
461,Kavaratti,IN,2022-05-17 13:17:54,10.5669,72.642,79.86,84,100,22.48,overcast clouds
462,Dakar,SN,2022-05-17 13:17:54,14.6937,-17.4441,92.28,74,42,4.27,scattered clouds
463,Tocopilla,CL,2022-05-17 13:17:08,-22.092,-70.1979,68.31,52,1,6.13,clear sky
464,Lakeway,US,2022-05-17 13:17:54,30.3638,-97.9796,73.92,82,7,5.99,clear sky
465,Puerto Narino,CO,2022-05-17 13:17:55,-3.7703,-70.3831,73.81,99,100,3.44,overcast clouds
466,Cabanas,CU,2022-05-17 13:17:55,22.9758,-82.9219,78.33,76,10,5.95,clear sky
467,Ohara,JP,2022-05-17 13:17:55,35.25,140.3833,60.24,84,100,2.86,light rain
468,Armidale,AU,2022-05-17 13:17:56,-30.5167,151.65,43.25,86,0,2.33,clear sky
469,Dowa,MW,2022-05-17 13:17:56,-13.654,33.9375,71.87,44,27,7.76,scattered clouds
470,Beoumi,CI,2022-05-17 13:17:56,7.6736,-5.5764,93.72,44,72,2.95,broken clouds
471,Brokopondo,SR,2022-05-17 13:17:57,4.75,-55.1667,78.89,89,100,5.1,overcast clouds
472,Honolulu,US,2022-05-17 13:15:22,21.3069,-157.8583,71.42,88,20,0.0,few clouds
473,Mogapinyana,BW,2022-05-17 13:17:57,-22.3667,27.6,69.58,48,33,11.27,scattered clouds
474,Alcantara,BR,2022-05-17 13:17:58,-2.4089,-44.4147,88.0,72,55,9.33,broken clouds
475,Port Hedland,AU,2022-05-17 13:17:58,-20.3167,118.5667,71.65,88,40,5.75,scattered clouds
476,Saint George,US,2022-05-17 13:17:58,37.1041,-113.5841,70.79,24,0,5.01,clear sky
477,Mporokoso,ZM,2022-05-17 13:17:59,-9.3727,30.125,75.13,47,98,5.57,overcast clouds
478,Sitka,US,2022-05-17 13:17:59,57.0531,-135.33,46.29,61,75,10.36,broken clouds
479,Hearst,CA,2022-05-17 13:17:59,49.6835,-83.6665,39.45,57,20,9.93,few clouds
480,Umm Kaddadah,SD,2022-05-17 13:18:00,13.6017,26.6876,101.59,9,10,10.02,clear sky
481,Ormara,PK,2022-05-17 13:18:00,25.2088,64.6357,85.1,70,0,18.59,clear sky
482,Talcahuano,CL,2022-05-17 13:17:11,-36.7167,-73.1167,46.08,100,100,4.61,mist
483,Gat,IL,2022-05-17 13:13:03,31.61,34.7642,84.4,43,0,14.5,clear sky
484,Amol,IR,2022-05-17 13:18:00,36.4696,52.3507,68.72,64,56,8.01,broken clouds
485,Mount Gambier,AU,2022-05-17 13:18:01,-37.8333,140.7667,52.5,82,100,12.26,overcast clouds
486,Asau,RO,2022-05-17 13:18:01,46.4333,26.4,72.52,90,100,3.65,overcast clouds
487,Akyab,MM,2022-05-17 13:18:01,20.15,92.9,85.6,75,76,4.97,broken clouds
488,Coahuayana,MX,2022-05-17 13:18:02,18.7333,-103.6833,72.95,57,84,1.95,broken clouds
489,Prescott,US,2022-05-17 13:15:00,34.54,-112.4685,62.37,34,0,4.61,clear sky
490,Rosarito,MX,2022-05-17 13:18:02,32.3333,-117.0333,60.4,83,88,3.91,overcast clouds
491,Ndola,ZM,2022-05-17 13:18:02,-12.9587,28.6366,76.71,39,30,4.27,scattered clouds
492,Aklavik,CA,2022-05-17 13:18:03,68.2191,-135.0107,24.8,93,100,10.36,light snow
493,Gombong,ID,2022-05-17 13:18:03,-7.6072,109.5142,79.39,82,93,2.46,overcast clouds
494,Dawson Creek,CA,2022-05-17 13:18:03,55.7666,-120.2362,40.64,48,0,11.5,clear sky
495,Touros,BR,2022-05-17 13:18:04,-5.1989,-35.4608,85.39,68,27,14.94,scattered clouds
496,Bintulu,MY,2022-05-17 13:18:04,3.1667,113.0333,81.01,89,40,2.3,scattered clouds
497,Diffa,NE,2022-05-17 13:18:04,13.3154,12.6113,103.14,12,6,7.52,clear sky
498,Udachnyy,RU,2022-05-17 13:18:05,66.4167,112.4,34.12,78,100,4.76,overcast clouds
499,Berdigestyakh,RU,2022-05-17 13:18:05,62.0989,126.6992,34.05,86,100,3.2,overcast clouds
500,Prado,BR,2022-05-17 13:18:06,-17.3411,-39.2208,83.53,60,0,5.48,clear sky
501,Lufilufi,WS,2022-05-17 13:18:06,-13.8745,-171.5986,80.76,76,55,9.51,light rain
502,Dali,CN,2022-05-17 13:19:06,25.7,100.1833,61.47,85,48,4.18,scattered clouds
503,Ishigaki,JP,2022-05-17 13:19:07,24.3448,124.1572,73.53,83,100,17.27,overcast clouds
504,Kyra,RU,2022-05-17 13:19:07,49.5776,111.9753,53.06,62,82,4.29,broken clouds
505,Balabac,PH,2022-05-17 13:19:07,7.9868,117.0645,78.75,85,100,2.15,overcast clouds
506,Promyshlennovskiy,RU,2022-05-17 13:19:08,55.4833,86.2,79.57,41,56,9.04,broken clouds
507,Tabuk,PH,2022-05-17 13:19:08,17.4189,121.4443,74.73,95,100,6.2,light rain
508,Wanning,CN,2022-05-17 13:19:08,18.8003,110.3967,75.87,86,100,10.07,overcast clouds
509,Tucurui,BR,2022-05-17 13:19:09,-3.7661,-49.6725,83.44,75,95,3.29,overcast clouds
510,Hofn,IS,2022-05-17 13:19:09,64.2539,-15.2082,47.01,81,100,15.66,overcast clouds
511,Atasu,KZ,2022-05-17 13:19:09,48.6814,71.6433,76.44,31,91,19.19,overcast clouds
512,Zalaegerszeg,HU,2022-05-17 13:19:10,46.84,16.8439,72.99,86,100,10.92,overcast clouds
513,Ribeira Brava,PT,2022-05-17 13:19:10,32.65,-17.0667,78.71,72,7,5.03,clear sky
514,Laguna De Perlas,NI,2022-05-17 13:19:10,12.3429,-83.6712,75.29,91,100,7.54,overcast clouds
515,La Spezia,IT,2022-05-17 13:19:11,44.1105,9.8434,73.44,61,0,5.99,clear sky
516,Shimoda,JP,2022-05-17 13:19:11,34.6667,138.95,58.1,85,100,6.11,overcast clouds
517,Dhidhdhoo,MV,2022-05-17 13:19:12,6.8833,73.1,82.15,77,100,23.55,moderate rain
518,Lata,PT,2022-05-17 13:19:12,40.1629,-8.3327,80.49,48,96,10.25,overcast clouds
519,Lichinga,MZ,2022-05-17 13:19:12,-13.3128,35.2406,69.89,56,75,8.05,broken clouds
520,Caravelas,BR,2022-05-17 13:19:13,-17.7125,-39.2481,83.88,60,0,4.34,clear sky
521,Sabang,ID,2022-05-17 13:19:13,5.8933,95.3214,84.2,75,100,16.55,overcast clouds
522,Csurgo,HU,2022-05-17 13:19:13,46.2531,17.1006,73.02,69,100,7.02,overcast clouds
523,Tombouctou,ML,2022-05-17 13:19:14,20.0,-3.0,106.54,5,0,16.2,clear sky
524,Sigiriya,LK,2022-05-17 13:19:14,7.9518,80.7426,80.15,73,16,14.56,few clouds
525,Ixtapa,MX,2022-05-17 13:19:14,20.7,-105.2,72.63,88,75,0.0,broken clouds
526,Hervey Bay,AU,2022-05-17 13:19:15,-25.2986,152.8535,72.01,95,10,5.99,clear sky
527,Florianopolis,BR,2022-05-17 13:19:15,-27.6146,-48.5012,60.69,42,0,17.27,clear sky
528,Thurso,GB,2022-05-17 13:15:04,58.5927,-3.5259,52.05,73,20,17.29,few clouds
529,Prestea,GH,2022-05-17 13:19:15,5.4327,-2.1428,95.65,46,83,5.26,broken clouds
530,Rypin,PL,2022-05-17 13:19:16,53.066,19.4094,59.88,44,100,12.75,overcast clouds
531,Bathsheba,BB,2022-05-17 13:19:16,13.2167,-59.5167,86.61,70,20,24.16,few clouds
532,Zeya,RU,2022-05-17 13:19:16,53.75,127.2667,41.31,48,92,3.24,overcast clouds
533,Yumen,CN,2022-05-17 13:19:17,40.2833,97.2,69.06,5,100,4.25,overcast clouds
534,Nishihara,JP,2022-05-17 13:19:17,26.1842,127.7558,69.08,92,40,8.05,scattered clouds
535,Mahanoro,MG,2022-05-17 13:19:17,-19.9,48.8,71.83,84,91,10.89,moderate rain
536,Magnitogorsk,RU,2022-05-17 13:19:18,53.4186,59.0472,56.23,67,75,15.66,light rain
537,Gongzhuling,CN,2022-05-17 13:19:18,43.5008,124.8198,67.28,34,100,14.43,overcast clouds
538,Maun,BW,2022-05-17 13:19:20,-19.9833,23.4167,78.76,31,75,5.75,broken clouds
539,Tautira,PF,2022-05-17 13:19:20,-17.7333,-149.15,80.33,76,13,11.48,few clouds
540,Pemangkat,ID,2022-05-17 13:19:20,1.1667,108.9667,80.37,81,18,5.23,few clouds
541,Shiyan,CN,2022-05-17 13:19:21,32.6475,110.7781,66.42,56,100,2.15,overcast clouds
542,Seydi,TM,2022-05-17 13:19:21,39.4816,62.9137,87.66,20,48,16.78,scattered clouds
543,Vallenar,CL,2022-05-17 13:19:21,-28.5708,-70.7581,64.74,37,0,1.1,clear sky
544,Camocim,BR,2022-05-17 13:19:22,-2.9022,-40.8411,84.07,68,64,12.88,broken clouds
545,Jonkoping,SE,2022-05-17 13:19:22,57.7814,14.1562,68.38,33,0,11.5,clear sky
546,Candelaria,PH,2022-05-17 13:19:22,13.9311,121.4233,78.85,90,100,2.73,moderate rain
547,Tazovskiy,RU,2022-05-17 13:19:23,67.4667,78.7,51.76,74,92,6.46,light rain
548,Khor,RU,2022-05-17 13:19:23,47.8861,134.9464,52.16,85,100,7.56,moderate rain
549,Fauske,NO,2022-05-17 13:19:23,67.2588,15.3918,41.04,84,100,4.21,light rain
550,Sur,OM,2022-05-17 13:20:24,22.5667,59.5289,95.02,28,0,4.92,clear sky
551,Olga,RU,2022-05-17 13:20:24,43.7444,135.2892,46.96,69,0,4.23,clear sky
552,Skowhegan,US,2022-05-17 13:20:24,44.7651,-69.7192,63.16,84,100,11.41,overcast clouds
553,Kushima,JP,2022-05-17 13:20:26,31.4583,131.2333,59.94,78,100,2.64,overcast clouds
554,Ouadda,CF,2022-05-17 13:20:26,8.0777,22.4007,88.0,44,97,3.58,overcast clouds
555,Kieta,PG,2022-05-17 13:20:26,-6.2167,155.6333,79.88,85,50,4.12,light rain
556,Makasar,ID,2022-05-17 13:17:13,-5.14,119.4221,77.05,100,40,1.14,moderate rain
557,Qui Nhon,VN,2022-05-17 13:20:27,13.7667,109.2333,78.24,85,100,9.86,overcast clouds
558,Rosario Oeste,BR,2022-05-17 13:20:27,-14.8361,-56.4275,67.95,54,29,11.83,scattered clouds
559,Awjilah,LY,2022-05-17 13:20:27,29.1081,21.2869,90.43,16,0,2.39,clear sky
560,Kibaya,TZ,2022-05-17 13:20:28,-5.3,36.5667,67.37,59,100,6.55,overcast clouds
561,Vila Velha,BR,2022-05-17 13:19:33,-20.3297,-40.2925,80.55,74,20,5.75,few clouds
562,Windsor,CA,2022-05-17 13:20:00,42.3001,-83.0165,56.21,58,0,12.66,clear sky
563,Shingu,JP,2022-05-17 13:20:28,33.7333,135.9833,58.15,90,99,3.85,overcast clouds
564,Oranjestad,AW,2022-05-17 13:20:29,12.524,-70.027,84.15,74,20,26.46,few clouds
565,Antalaha,MG,2022-05-17 13:20:29,-14.9003,50.2788,81.43,66,4,13.76,clear sky
566,Paita,PE,2022-05-17 13:20:29,-5.0892,-81.1144,67.05,78,100,8.75,overcast clouds
567,Grand Gaube,MU,2022-05-17 13:20:30,-20.0064,57.6608,75.6,77,2,4.0,clear sky
568,Damavand,IR,2022-05-17 13:20:30,35.7178,52.065,69.62,18,6,13.24,clear sky
569,Sobolevo,RU,2022-05-17 13:20:30,54.4299,31.8996,51.8,58,100,12.12,light rain
570,Pangoa,PE,2022-05-17 13:20:31,-12.1167,-73.0,63.46,97,100,1.79,overcast clouds
571,San Quintin,MX,2022-05-17 13:20:31,30.4833,-115.95,59.45,84,99,14.36,overcast clouds
572,Deputatskiy,RU,2022-05-17 13:20:31,69.3,139.9,25.68,93,100,1.72,overcast clouds
573,Marzuq,YE,2022-05-17 13:20:32,14.4,46.4667,89.31,9,9,15.17,clear sky
574,San Ignacio,BZ,2022-05-17 13:20:32,17.1561,-89.0714,75.34,94,75,4.61,broken clouds
575,Imbituba,BR,2022-05-17 13:20:32,-28.24,-48.6703,64.09,53,0,5.01,clear sky
576,Tayoltita,MX,2022-05-17 13:20:33,24.0833,-105.9333,69.04,62,100,1.61,overcast clouds
577,Tambura,SS,2022-05-17 13:20:33,5.6,27.4667,91.35,39,100,3.83,overcast clouds
578,Sola,VU,2022-05-17 13:20:33,-13.8833,167.55,80.56,80,97,13.98,overcast clouds
579,Altamont,US,2022-05-17 13:20:34,42.2068,-121.7372,38.79,95,100,0.0,mist
580,Beidao,CN,2022-05-17 13:20:34,34.5686,105.8933,59.4,69,100,6.29,overcast clouds
581,Sao Joao Da Barra,BR,2022-05-17 13:17:45,-21.6403,-41.0511,77.09,77,41,8.14,scattered clouds
582,Drumheller,CA,2022-05-17 13:20:34,51.4617,-112.7101,51.13,71,100,8.05,overcast clouds
583,Whitefish,US,2022-05-17 13:16:02,48.4111,-114.3376,50.11,84,100,3.44,overcast clouds
584,Ulaanbaatar,MN,2022-05-17 13:20:35,47.9077,106.8832,62.73,25,75,6.71,broken clouds
585,Tukrah,LY,2022-05-17 13:20:35,32.5341,20.5791,78.82,30,0,8.55,clear sky
586,Biloela,AU,2022-05-17 13:20:36,-24.4167,150.5,69.89,47,100,7.92,overcast clouds
587,Bubaque,GW,2022-05-17 13:20:36,11.2833,-15.8333,79.86,82,20,6.82,few clouds
588,Soma,TR,2022-05-17 13:20:36,39.1855,27.6094,88.75,31,0,8.48,clear sky
589,Uarini,BR,2022-05-17 13:20:37,-2.99,-65.1083,75.45,94,99,4.65,overcast clouds
590,Matara,LK,2022-05-17 13:20:37,5.9485,80.5353,78.91,90,33,12.8,scattered clouds
591,Fonte Boa,BR,2022-05-17 13:20:37,-2.4959,-66.2662,74.01,99,100,3.94,overcast clouds
592,Timiryazevskoye,RU,2022-05-17 13:20:38,56.49,84.8769,81.55,51,91,20.13,light rain
593,Raglan,NZ,2022-05-17 13:20:38,-37.8,174.8833,65.44,98,100,11.34,light rain
594,Mudgee,AU,2022-05-17 13:20:39,-32.5943,149.5871,44.62,90,0,3.29,clear sky
595,Ostrovnoy,RU,2022-05-17 13:20:39,68.0531,39.5131,37.96,63,85,17.78,overcast clouds
596,Black River,JM,2022-05-17 13:20:39,18.0264,-77.8487,80.85,74,100,3.51,overcast clouds
597,Andijon,UZ,2022-05-17 13:21:40,40.7821,72.3442,83.48,21,8,2.8,clear sky
598,Walvis Bay,NA,2022-05-17 13:21:40,-22.9575,14.5053,99.55,12,0,16.11,clear sky
599,Mobara,JP,2022-05-17 13:21:40,35.4167,140.3,60.78,86,100,2.44,overcast clouds
600,Shitanjing,CN,2022-05-17 13:21:41,39.2342,106.3439,65.62,8,100,2.84,overcast clouds
601,Eldorado,BR,2022-05-17 13:21:41,-23.7869,-54.2836,51.57,66,2,10.71,clear sky
602,Yerbogachen,RU,2022-05-17 13:21:41,61.2767,108.0108,58.86,49,86,2.44,overcast clouds
603,Phan Thiet,VN,2022-05-17 13:21:42,10.9333,108.1,80.28,86,95,9.22,overcast clouds
604,Raalte,NL,2022-05-17 13:21:42,52.3858,6.275,75.29,71,85,1.52,overcast clouds
605,Chapais,CA,2022-05-17 13:21:42,49.7834,-74.8492,42.58,94,100,18.9,light rain
606,Gweta,BW,2022-05-17 13:21:43,-20.1833,25.2333,78.19,24,5,8.25,clear sky
607,Aasiaat,GL,2022-05-17 13:21:43,68.7098,-52.8699,25.97,78,7,2.8,clear sky
608,Atambua,ID,2022-05-17 13:21:43,-9.1061,124.8925,73.27,85,30,4.43,scattered clouds
609,Svetlaya,RU,2022-05-17 13:21:44,46.5389,138.3297,45.46,79,85,8.5,overcast clouds
610,Codlea,RO,2022-05-17 13:21:44,45.7,25.45,72.84,56,100,9.35,overcast clouds
611,Bandeirantes,BR,2022-05-17 13:21:44,-23.11,-50.3675,54.03,53,0,7.27,clear sky
612,Shenzhen,CN,2022-05-17 13:21:15,22.5455,114.0683,74.21,86,40,6.58,scattered clouds
613,Betare Oya,CM,2022-05-17 13:21:45,5.6,14.0833,82.2,63,99,2.98,light rain
614,Shache,CN,2022-05-17 13:21:45,38.4167,77.2406,79.63,19,100,13.98,moderate rain
615,Puerto Suarez,BO,2022-05-17 13:21:46,-18.95,-57.8,63.16,82,0,9.22,clear sky
616,Westport,US,2022-05-17 13:21:46,41.1415,-73.3579,67.44,70,0,14.97,clear sky
617,Southbridge,US,2022-05-17 13:21:46,42.0751,-72.0334,64.45,68,0,3.0,clear sky
618,Naryan-Mar,RU,2022-05-17 13:21:47,67.6713,53.087,33.44,93,100,12.77,overcast clouds
619,Zhangjiakou,CN,2022-05-17 13:21:47,40.81,114.8794,66.9,22,0,9.6,light rain
620,Eidsvag,NO,2022-05-17 13:21:47,62.7767,8.0668,60.85,27,0,1.63,clear sky
621,Ust-Koksa,RU,2022-05-17 13:21:48,50.2696,85.6108,65.34,50,86,1.23,overcast clouds
622,Cururupu,BR,2022-05-17 13:21:48,-1.8283,-44.8683,86.58,63,100,7.67,overcast clouds
623,Tahe,CN,2022-05-17 13:21:48,52.3333,124.7333,40.96,35,3,3.94,clear sky
624,Lingao,CN,2022-05-17 13:21:49,19.9103,109.6859,73.83,83,100,13.35,overcast clouds
625,Iquitos,PE,2022-05-17 13:21:49,-3.7481,-73.2472,73.44,100,100,4.61,overcast clouds
626,General Pico,AR,2022-05-17 13:21:49,-35.6566,-63.7568,43.56,74,0,10.8,clear sky
627,Copiapo,CL,2022-05-17 13:18:35,-27.3667,-70.3333,51.49,30,1,0.76,clear sky
628,Rolla,US,2022-05-17 13:21:50,37.9514,-91.7713,67.51,68,0,8.05,clear sky
629,Luebo,CD,2022-05-17 13:21:50,-5.35,21.4167,91.02,40,98,2.48,overcast clouds
630,Abnub,EG,2022-05-17 13:21:50,27.2696,31.1511,95.05,10,27,17.07,scattered clouds
631,Papillion,US,2022-05-17 13:20:10,41.1544,-96.0422,69.22,66,0,8.05,clear sky
632,Huarmey,PE,2022-05-17 13:21:51,-10.0681,-78.1522,65.57,82,67,3.78,broken clouds
633,Tirumullaivasal,IN,2022-05-17 13:21:51,11.2333,79.8333,87.01,72,42,19.53,scattered clouds
634,Melfort,CA,2022-05-17 13:21:51,52.8667,-104.6177,44.73,76,100,6.91,overcast clouds
635,Msowero,TZ,2022-05-17 13:21:52,-6.5333,37.2,81.18,48,36,8.16,scattered clouds
636,Santa Isabel Do Rio Negro,BR,2022-05-17 13:21:52,-0.4139,-65.0192,77.88,94,100,1.63,overcast clouds
637,Abomey,BJ,2022-05-17 13:21:52,7.1829,1.9912,96.89,38,40,5.99,scattered clouds
638,Plettenberg Bay,ZA,2022-05-17 13:21:53,-34.0527,23.3716,77.59,42,7,3.36,clear sky
639,Luanda,AO,2022-05-17 13:21:53,-8.8368,13.2343,82.4,74,20,11.5,few clouds
640,Umm Lajj,SA,2022-05-17 13:21:53,25.0213,37.2685,84.96,56,0,8.97,clear sky
641,Orlik,RU,2022-05-17 13:21:54,52.5178,99.825,52.68,63,76,2.04,broken clouds
642,Iwanai,JP,2022-05-17 13:21:54,42.9744,140.5089,49.41,76,54,5.28,broken clouds
643,Morwell,AU,2022-05-17 13:21:55,-38.2333,146.4,54.34,50,88,9.55,overcast clouds
644,Jafarpur,IN,2022-05-17 13:21:55,22.3208,88.2306,92.07,71,95,12.97,overcast clouds
645,Marsa Matruh,EG,2022-05-17 13:21:55,31.3525,27.2453,75.97,48,0,11.54,clear sky
646,Laredo,US,2022-05-17 13:22:00,27.5064,-99.5075,73.69,88,75,13.8,broken clouds
647,Morehead,US,2022-05-17 13:20:34,37.2711,-87.1764,70.0,74,0,1.01,clear sky
648,Katobu,ID,2022-05-17 13:22:59,-4.9408,122.5276,76.57,93,100,4.18,overcast clouds
649,Pichayevo,RU,2022-05-17 13:23:00,53.2363,42.2032,43.54,93,100,10.33,light rain
650,Xinxiang,CN,2022-05-17 13:23:00,35.3089,113.8672,75.52,15,2,5.77,clear sky
651,Sabaudia,IT,2022-05-17 13:23:00,41.3003,13.0282,84.33,62,97,11.07,overcast clouds
652,Shenjiamen,CN,2022-05-17 13:23:01,29.9576,122.298,62.47,69,100,9.95,overcast clouds
653,Rabo De Peixe,PT,2022-05-17 13:23:01,37.8,-25.5833,65.28,78,20,24.16,few clouds
654,Sitges,ES,2022-05-17 13:23:01,41.2351,1.8119,94.15,58,0,10.02,clear sky
655,Souillac,MU,2022-05-17 13:23:02,-20.5167,57.5167,75.58,73,75,16.11,light rain
656,Vaitape,PF,2022-05-17 13:23:02,-16.5167,-151.75,80.26,75,22,11.79,light rain
657,Pasca,CO,2022-05-17 13:23:02,4.3072,-74.3006,60.87,93,100,1.9,overcast clouds
658,Baijiantan,CN,2022-05-17 13:23:03,45.6333,85.1833,84.02,20,9,8.01,clear sky
659,Ramsi,EE,2022-05-17 13:23:03,58.3066,25.5416,48.27,52,68,11.52,broken clouds
660,Marang,MY,2022-05-17 13:23:03,5.2056,103.2059,84.11,76,100,2.39,overcast clouds
661,Ucluelet,CA,2022-05-17 13:23:04,48.9329,-125.5528,44.1,90,100,3.22,overcast clouds
662,Dolzhanskaya,RU,2022-05-17 13:23:04,46.6311,37.8039,60.42,66,87,15.88,overcast clouds
663,Seguela,CI,2022-05-17 13:23:04,7.9611,-6.6731,95.97,37,92,6.08,overcast clouds
664,San Ramon De La Nueva Oran,AR,2022-05-17 13:20:39,-23.1322,-64.326,57.61,67,10,1.03,clear sky
665,Novomykolayivka,UA,2022-05-17 13:23:05,47.9781,35.9102,63.39,41,97,14.61,overcast clouds
666,Bonavista,CA,2022-05-17 13:23:05,48.6499,-53.1147,39.97,88,100,8.39,overcast clouds
667,Manokwari,ID,2022-05-17 13:23:05,-0.8667,134.0833,81.43,77,100,7.05,overcast clouds
668,Grants,US,2022-05-17 13:23:10,35.1473,-107.8514,48.43,21,0,0.0,clear sky
669,Gua Musang,MY,2022-05-17 13:23:10,4.8823,101.9644,77.97,86,100,1.03,overcast clouds
670,Otradnoye,RU,2022-05-17 13:23:11,59.7775,30.8181,45.03,85,100,10.2,overcast clouds
671,Teknaf,BD,2022-05-17 13:23:11,20.8624,92.3058,83.98,81,26,5.53,scattered clouds
672,Mazarron,ES,2022-05-17 13:23:11,37.5992,-1.3149,91.81,54,0,5.95,clear sky
673,Tondano,ID,2022-05-17 13:23:12,1.3038,124.9112,69.89,95,37,0.67,scattered clouds
674,Nouadhibou,MR,2022-05-17 13:23:12,20.931,-17.0347,71.91,61,100,18.37,overcast clouds
675,Matagami,CA,2022-05-17 13:23:12,49.7502,-77.6328,32.11,86,100,21.85,overcast clouds
676,Freeport,US,2022-05-17 13:19:46,40.6576,-73.5832,67.96,64,0,13.8,clear sky
677,Jackson,US,2022-05-17 13:23:13,42.4165,-122.8345,48.07,81,75,4.61,broken clouds
678,San Rafael,AR,2022-05-17 13:23:04,-34.6177,-68.3301,43.43,45,0,4.83,clear sky
679,Campbell River,CA,2022-05-17 13:23:13,50.0163,-125.2446,44.13,100,75,2.3,broken clouds
680,Stony Plain,CA,2022-05-17 13:23:13,53.5334,-114.0021,46.2,88,0,9.22,clear sky
681,North Bend,US,2022-05-17 13:23:14,43.4065,-124.2243,44.51,97,75,5.75,fog
682,Mayumba,GA,2022-05-17 13:23:14,-3.432,10.6554,82.83,75,100,6.55,light rain
683,Mwinilunga,ZM,2022-05-17 13:23:14,-11.7358,24.4293,72.3,52,100,3.53,overcast clouds
684,North Platte,US,2022-05-17 13:23:15,41.1239,-100.7654,63.25,75,0,7.0,clear sky
685,Tabou,CI,2022-05-17 13:23:15,4.423,-7.3528,84.27,71,100,6.87,light rain
686,Nytva,RU,2022-05-17 13:23:15,57.9404,55.334,58.89,78,95,5.46,overcast clouds
687,Elizabeth City,US,2022-05-17 13:23:16,36.2946,-76.2511,73.42,77,0,8.05,clear sky
688,Gallipoli,TR,2022-05-17 13:23:16,40.4103,26.6708,82.26,56,0,5.61,clear sky
689,Porto Santo,PT,2022-05-17 13:23:17,33.072,-16.3415,70.18,78,20,9.22,few clouds
690,Limbang,MY,2022-05-17 13:23:17,4.75,115.0,77.11,97,100,2.71,overcast clouds
691,Durban,ZA,2022-05-17 13:24:17,-29.8579,31.0292,78.93,81,0,4.0,clear sky
692,Nikki,BJ,2022-05-17 13:24:18,9.9401,3.2108,99.14,28,26,4.32,scattered clouds
693,Riohacha,CO,2022-05-17 13:24:18,11.5444,-72.9072,82.51,83,75,9.22,broken clouds
694,Usinsk,RU,2022-05-17 13:24:18,65.9939,57.5281,38.91,72,100,13.27,overcast clouds
